,Time,Container,Status,CPU %,Memory GB
0,2026-02-11 13:00:12,cadvisor,RUNNING,101006.96,1649.217
1,2026-02-11 13:00:12,waha,RUNNING,100513.49,1649.217
2,2026-02-11 13:00:12,app_proxy,RUNNING,99773.28,1649.217
3,2026-02-11 13:00:12,chatwoot_redisV2,RUNNING,101482.09,1649.217
4,2026-02-11 13:00:12,supabase-rest,RUNNING,99506.54,1649.217
5,2026-02-11 13:00:12,evolution,RUNNING,101207.02,1649.217
6,2026-02-11 13:00:12,supabase-imgproxy,RUNNING,99318.15,1649.217
7,2026-02-11 13:00:12,chatwoot_postgresV2,RUNNING,102142.28,1649.217
8,2026-02-11 13:00:12,gemini,RUNNING,101046.97,1649.217
9,2026-02-11 13:00:12,realtime-dev.supabase-realtime,RUNNING,99588.22,1649.217
10,2026-02-11 13:00:12,n8n,RUNNING,101267.03,1649.217
11,2026-02-11 13:00:12,supabase-auth,RUNNING,98761.32,1649.217
12,2026-02-11 13:00:12,supabase-edge-functions,RUNNING,100108.37,1649.217
13,2026-02-11 13:00:12,n8n_redis,RUNNING,102273.99,1649.217
14,2026-02-11 13:00:12,supabase-vector,RUNNING,99924.99,1649.217
15,2026-02-11 13:00:12,chatwoot_sidekiq,RUNNING,100236.74,1649.217
16,2026-02-11 13:00:12,supabase-db,RUNNING,99863.3,1649.217
17,2026-02-11 13:00:12,supabase-kong,RUNNING,97497.63,1649.217
18,2026-02-11 13:00:12,redis,RUNNING,101627.14,1649.217
19,2026-02-11 13:00:12,postgres,RUNNING,102349.01,1649.217
20,2026-02-11 13:00:12,adminer,RUNNING,99143.1,1649.217
21,2026-02-11 13:00:12,chatwoot_sidekiqV2,RUNNING,101070.31,1649.217
22,2026-02-11 13:00:12,supabase-storage,RUNNING,102038.92,1649.217
23,2026-02-11 13:00:12,chatwoot_postgres,RUNNING,99886.64,1649.217
24,2026-02-11 13:00:12,n8n_postgres,RUNNING,100893.59,1649.217
25,2026-02-11 13:00:12,supabase-analytics,RUNNING,100211.73,1649.217
26,2026-02-11 13:00:12,n8n_pgvector,RUNNING,100683.54,1649.217
27,2026-02-11 13:00:12,chatwoot_redis,RUNNING,99396.5,1649.217
28,2026-02-11 13:00:12,supabase-meta,RUNNING,100395.12,1649.217
29,2026-02-11 13:00:12,supabase-studio,RUNNING,102739.12,1649.217
30,2026-02-11 13:00:12,db_proxy,RUNNING,100113.37,1649.217
31,2026-02-11 12:59:12,cadvisor,RUNNING,98429.88,1649.217
32,2026-02-11 12:59:12,waha,RUNNING,101566.68,1649.217
33,2026-02-11 12:59:12,app_proxy,RUNNING,100034.56,1649.217
34,2026-02-11 12:59:12,chatwoot_redisV2,RUNNING,98340.82,1649.217
35,2026-02-11 12:59:12,supabase-rest,RUNNING,99396.32,1649.217
36,2026-02-11 12:59:12,evolution,RUNNING,99106.06,1649.217
37,2026-02-11 12:59:12,supabase-imgproxy,RUNNING,101729.95,1649.217
38,2026-02-11 12:59:12,chatwoot_postgresV2,RUNNING,98888.36,1649.217
39,2026-02-11 12:59:12,gemini,RUNNING,99688.23,1649.217
40,2026-02-11 12:59:12,realtime-dev.supabase-realtime,RUNNING,100432.02,1649.217
41,2026-02-11 12:59:12,n8n,RUNNING,97949.96,1649.217
42,2026-02-11 12:59:12,supabase-auth,RUNNING,99201.71,1649.217
43,2026-02-11 12:59:12,supabase-edge-functions,RUNNING,100624.98,1649.217
44,2026-02-11 12:59:12,n8n_redis,RUNNING,96680.07,1649.217
45,2026-02-11 12:59:12,supabase-vector,RUNNING,100265.45,1649.217
46,2026-02-11 12:59:12,chatwoot_sidekiq,RUNNING,98088.49,1649.217
47,2026-02-11 12:59:12,supabase-db,RUNNING,98187.45,1649.217
48,2026-02-11 12:59:12,supabase-kong,RUNNING,99694.83,1649.217
49,2026-02-11 12:59:12,redis,RUNNING,99742.65,1649.217
50,2026-02-11 12:59:12,postgres,RUNNING,99119.25,1649.217
51,2026-02-11 12:59:12,adminer,RUNNING,98947.73,1649.217
52,2026-02-11 12:59:12,chatwoot_sidekiqV2,RUNNING,99402.92,1649.217
53,2026-02-11 12:59:12,supabase-storage,RUNNING,97527.76,1649.217
54,2026-02-11 12:59:12,chatwoot_postgres,RUNNING,98419.99,1649.217
55,2026-02-11 12:59:12,n8n_postgres,RUNNING,100182.99,1649.217
56,2026-02-11 12:59:12,supabase-analytics,RUNNING,99196.76,1649.217
57,2026-02-11 12:59:12,n8n_pgvector,RUNNING,97791.64,1649.217
58,2026-02-11 12:59:12,chatwoot_redis,RUNNING,100331.42,1649.217
59,2026-02-11 12:59:12,supabase-meta,RUNNING,99030.19,1649.217
60,2026-02-11 12:59:12,supabase-studio,RUNNING,96856.53,1649.217
61,2026-02-11 12:59:12,db_proxy,RUNNING,101705.22,1649.217
62,2026-02-11 12:58:12,cadvisor,RUNNING,99884.53,1649.216
63,2026-02-11 12:58:12,waha,RUNNING,100030.15,1649.216
64,2026-02-11 12:58:12,app_proxy,RUNNING,98629.2,1649.216
65,2026-02-11 12:58:12,chatwoot_redisV2,RUNNING,101111.42,1649.216
66,2026-02-11 12:58:12,supabase-rest,RUNNING,102448.77,1649.216
67,2026-02-11 12:58:12,evolution,RUNNING,102162.55,1649.216
68,2026-02-11 12:58:12,supabase-imgproxy,RUNNING,101074.59,1649.216
69,2026-02-11 12:58:12,chatwoot_postgresV2,RUNNING,101072.92,1649.216
70,2026-02-11 12:58:12,gemini,RUNNING,99012.49,1649.216
71,2026-02-11 12:58:12,realtime-dev.supabase-realtime,RUNNING,101245.32,1649.216
72,2026-02-11 12:58:12,n8n,RUNNING,100403.41,1649.216
73,2026-02-11 12:58:12,supabase-auth,RUNNING,100443.58,1649.216
74,2026-02-11 12:58:12,supabase-edge-functions,RUNNING,100366.58,1649.216
75,2026-02-11 12:58:12,n8n_redis,RUNNING,101489.69,1649.216
76,2026-02-11 12:58:12,supabase-vector,RUNNING,101499.73,1649.216
77,2026-02-11 12:58:12,chatwoot_sidekiq,RUNNING,99817.58,1649.216
78,2026-02-11 12:58:12,supabase-db,RUNNING,102587.69,1649.216
79,2026-02-11 12:58:12,supabase-kong,RUNNING,101769.21,1649.216
80,2026-02-11 12:58:12,redis,RUNNING,100528.94,1649.216
81,2026-02-11 12:58:12,postgres,RUNNING,101257.03,1649.216
82,2026-02-11 12:58:12,adminer,RUNNING,101297.2,1649.216
83,2026-02-11 12:58:12,chatwoot_sidekiqV2,RUNNING,100632.71,1649.216
84,2026-02-11 12:58:12,supabase-storage,RUNNING,102510.7,1649.216
85,2026-02-11 12:58:12,chatwoot_postgres,RUNNING,101886.38,1649.216
86,2026-02-11 12:58:12,n8n_postgres,RUNNING,101439.48,1649.216
87,2026-02-11 12:58:12,supabase-analytics,RUNNING,99757.33,1649.216
88,2026-02-11 12:58:12,n8n_pgvector,RUNNING,103794.49,1649.216
89,2026-02-11 12:58:12,chatwoot_redis,RUNNING,98997.43,1649.216
90,2026-02-11 12:58:12,supabase-meta,RUNNING,100020.11,1649.216
91,2026-02-11 12:58:12,supabase-studio,RUNNING,100697.99,1649.216
92,2026-02-11 12:58:12,db_proxy,RUNNING,101362.48,1649.216
93,2026-02-11 12:57:12,cadvisor,RUNNING,100529.59,1649.216
94,2026-02-11 12:57:12,waha,RUNNING,98062.96,1649.216
95,2026-02-11 12:57:12,app_proxy,RUNNING,100479.39,1649.216
96,2026-02-11 12:57:12,chatwoot_redisV2,RUNNING,100342.17,1649.216
97,2026-02-11 12:57:12,supabase-rest,RUNNING,98998.4,1649.216
98,2026-02-11 12:57:12,evolution,RUNNING,97488.97,1649.216
99,2026-02-11 12:57:12,supabase-imgproxy,RUNNING,97542.52,1649.216
100,2026-02-11 12:57:12,chatwoot_postgresV2,RUNNING,98628.57,1649.216
101,2026-02-11 12:57:12,gemini,RUNNING,100037.6,1649.216
102,2026-02-11 12:57:12,realtime-dev.supabase-realtime,RUNNING,100002.46,1649.216
103,2026-02-11 12:57:12,n8n,RUNNING,100673.51,1649.216
104,2026-02-11 12:57:12,supabase-auth,RUNNING,99530.55,1649.216
105,2026-02-11 12:57:12,supabase-edge-functions,RUNNING,99272.85,1649.216
106,2026-02-11 12:57:12,n8n_redis,RUNNING,100700.28,1649.216
107,2026-02-11 12:57:12,supabase-vector,RUNNING,97858.8,1649.216
108,2026-02-11 12:57:12,chatwoot_sidekiq,RUNNING,100069.4,1649.216
109,2026-02-11 12:57:12,supabase-db,RUNNING,99127.26,1649.216
110,2026-02-11 12:57:12,supabase-kong,RUNNING,100748.81,1649.216
111,2026-02-11 12:57:12,redis,RUNNING,98657.02,1649.216
112,2026-02-11 12:57:12,postgres,RUNNING,97647.95,1649.216
113,2026-02-11 12:57:12,adminer,RUNNING,100770.56,1649.216
114,2026-02-11 12:57:12,chatwoot_sidekiqV2,RUNNING,99025.18,1649.216
115,2026-02-11 12:57:12,supabase-storage,RUNNING,97775.13,1649.216
116,2026-02-11 12:57:12,chatwoot_postgres,RUNNING,101264.23,1649.216
117,2026-02-11 12:57:12,n8n_postgres,RUNNING,98002.71,1649.216
118,2026-02-11 12:57:12,supabase-analytics,RUNNING,99625.94,1649.216
119,2026-02-11 12:57:12,n8n_pgvector,RUNNING,97678.07,1649.216
120,2026-02-11 12:57:12,chatwoot_redis,RUNNING,99395.01,1649.216
121,2026-02-11 12:57:12,supabase-meta,RUNNING,100347.19,1649.216
122,2026-02-11 12:57:12,supabase-studio,RUNNING,100698.61,1649.216
123,2026-02-11 12:57:12,db_proxy,RUNNING,97832.02,1649.216
124,2026-02-11 12:56:12,cadvisor,RUNNING,100362.72,1649.216
125,2026-02-11 12:56:12,waha,RUNNING,100257.99,1649.216
126,2026-02-11 12:56:12,app_proxy,RUNNING,99079.36,1649.216
127,2026-02-11 12:56:12,chatwoot_redisV2,RUNNING,97664.68,1649.216
128,2026-02-11 12:56:12,supabase-rest,RUNNING,100389.32,1649.216
129,2026-02-11 12:56:12,evolution,RUNNING,99918.86,1649.216
130,2026-02-11 12:56:12,supabase-imgproxy,RUNNING,98894.84,1649.216
131,2026-02-11 12:56:12,chatwoot_postgresV2,RUNNING,98770.16,1649.216
132,2026-02-11 12:56:12,gemini,RUNNING,99395.21,1649.216
133,2026-02-11 12:56:12,realtime-dev.supabase-realtime,RUNNING,99179.1,1649.216
134,2026-02-11 12:56:12,n8n,RUNNING,99433.45,1649.216
135,2026-02-11 12:56:12,supabase-auth,RUNNING,100231.39,1649.216
136,2026-02-11 12:56:12,supabase-edge-functions,RUNNING,100806.57,1649.216
137,2026-02-11 12:56:12,n8n_redis,RUNNING,97639.74,1649.216
138,2026-02-11 12:56:12,supabase-vector,RUNNING,101832.26,1649.216
139,2026-02-11 12:56:12,chatwoot_sidekiq,RUNNING,101288.66,1649.216
140,2026-02-11 12:56:12,supabase-db,RUNNING,98213.26,1649.216
141,2026-02-11 12:56:12,supabase-kong,RUNNING,97315.58,1649.216
142,2026-02-11 12:56:12,redis,RUNNING,99967.07,1649.216
143,2026-02-11 12:56:12,postgres,RUNNING,101328.56,1649.216
144,2026-02-11 12:56:12,adminer,RUNNING,99366.95,1649.216
145,2026-02-11 12:56:12,chatwoot_sidekiqV2,RUNNING,101584.56,1649.216
146,2026-02-11 12:56:12,supabase-storage,RUNNING,100528.96,1649.216
147,2026-02-11 12:56:12,chatwoot_postgres,RUNNING,97787.69,1649.216
148,2026-02-11 12:56:12,n8n_postgres,RUNNING,99260.56,1649.216
149,2026-02-11 12:56:12,supabase-analytics,RUNNING,100951.2,1649.216
150,2026-02-11 12:56:12,n8n_pgvector,RUNNING,100613.74,1649.216
151,2026-02-11 12:56:12,chatwoot_redis,RUNNING,100399.29,1649.216
152,2026-02-11 12:56:12,supabase-meta,RUNNING,100816.55,1649.216
153,2026-02-11 12:56:12,supabase-studio,RUNNING,98876.55,1649.216
154,2026-02-11 12:56:12,db_proxy,RUNNING,100341.11,1649.216
155,2026-02-11 12:55:12,cadvisor,RUNNING,99122.29,1649.216
156,2026-02-11 12:55:12,waha,RUNNING,100031.99,1649.216
157,2026-02-11 12:55:12,app_proxy,RUNNING,100994.81,1649.216
158,2026-02-11 12:55:12,chatwoot_redisV2,RUNNING,101316.86,1649.216
159,2026-02-11 12:55:12,supabase-rest,RUNNING,98287.3,1649.216
160,2026-02-11 12:55:12,evolution,RUNNING,101657.17,1649.216
161,2026-02-11 12:55:12,supabase-imgproxy,RUNNING,101253.78,1649.216
162,2026-02-11 12:55:12,chatwoot_postgresV2,RUNNING,100983.19,1649.216
163,2026-02-11 12:55:12,gemini,RUNNING,101167.46,1649.216
164,2026-02-11 12:55:12,realtime-dev.supabase-realtime,RUNNING,100752.45,1649.216
165,2026-02-11 12:55:12,supabase-pooler,RUNNING,100008.68,1649.216
166,2026-02-11 12:55:12,n8n,RUNNING,100181.4,1649.216
167,2026-02-11 12:55:12,supabase-auth,RUNNING,101248.8,1649.216
168,2026-02-11 12:55:12,supabase-edge-functions,RUNNING,97832.45,1649.216
169,2026-02-11 12:55:12,n8n_redis,RUNNING,102641.57,1649.216
170,2026-02-11 12:55:12,supabase-vector,RUNNING,98270.7,1649.216
171,2026-02-11 12:55:12,chatwoot_sidekiq,RUNNING,98288.96,1649.216
172,2026-02-11 12:55:12,supabase-db,RUNNING,102449,1649.216
173,2026-02-11 12:55:12,supabase-kong,RUNNING,100520.04,1649.216
174,2026-02-11 12:55:12,redis,RUNNING,100852.05,1649.216
175,2026-02-11 12:55:12,postgres,RUNNING,99543.94,1649.216
176,2026-02-11 12:55:12,adminer,RUNNING,100853.71,1649.216
177,2026-02-11 12:55:12,chatwoot_sidekiqV2,RUNNING,97508.74,1649.216
178,2026-02-11 12:55:12,supabase-storage,RUNNING,100641.22,1649.216
179,2026-02-11 12:55:12,chatwoot_postgres,RUNNING,99797.93,1649.216
180,2026-02-11 12:55:12,n8n_postgres,RUNNING,101265.4,1649.216
181,2026-02-11 12:55:12,supabase-analytics,RUNNING,99593.74,1649.216
182,2026-02-11 12:55:12,n8n_pgvector,RUNNING,98667.44,1649.216
183,2026-02-11 12:55:12,chatwoot_redis,RUNNING,100133.25,1649.216
184,2026-02-11 12:55:12,supabase-meta,RUNNING,98675.74,1649.216
185,2026-02-11 12:55:12,supabase-studio,RUNNING,100687.71,1649.216
186,2026-02-11 12:55:12,db_proxy,RUNNING,99485.84,1649.216
187,2026-02-11 12:54:12,cadvisor,RUNNING,102166.84,1649.216
188,2026-02-11 12:54:12,waha,RUNNING,100407.69,1649.216
189,2026-02-11 12:54:12,app_proxy,RUNNING,99590.41,1649.216
190,2026-02-11 12:54:12,chatwoot_redisV2,RUNNING,99364.49,1649.216
191,2026-02-11 12:54:12,supabase-rest,RUNNING,102744.92,1649.216
192,2026-02-11 12:54:12,evolution,RUNNING,99337.92,1649.216
193,2026-02-11 12:54:12,supabase-imgproxy,RUNNING,100339.58,1649.216
194,2026-02-11 12:54:12,chatwoot_postgresV2,RUNNING,99479.11,1649.216
195,2026-02-11 12:54:12,gemini,RUNNING,99198.38,1649.216
196,2026-02-11 12:54:12,realtime-dev.supabase-realtime,RUNNING,99009.01,1649.216
197,2026-02-11 12:54:12,n8n,RUNNING,101105.37,1649.216
198,2026-02-11 12:54:12,supabase-auth,RUNNING,99072.13,1649.216
199,2026-02-11 12:54:12,supabase-edge-functions,RUNNING,100366.16,1649.216
200,2026-02-11 12:54:12,n8n_redis,RUNNING,98698.38,1649.216
201,2026-02-11 12:54:12,supabase-vector,RUNNING,101178.46,1649.216
202,2026-02-11 12:54:12,chatwoot_sidekiq,RUNNING,100708.36,1649.216
203,2026-02-11 12:54:12,supabase-db,RUNNING,97821.29,1649.216
204,2026-02-11 12:54:12,supabase-kong,RUNNING,101219.99,1649.216
205,2026-02-11 12:54:12,redis,RUNNING,99000.7,1649.216
206,2026-02-11 12:54:12,rabbitmq,RUNNING,100075.06,1649.216
207,2026-02-11 12:54:12,postgres,RUNNING,99131.93,1649.216
208,2026-02-11 12:54:12,adminer,RUNNING,97965.81,1649.216
209,2026-02-11 12:54:12,chatwoot_sidekiqV2,RUNNING,101291.42,1649.216
210,2026-02-11 12:54:12,supabase-storage,RUNNING,99964.17,1649.216
211,2026-02-11 12:54:12,chatwoot_postgres,RUNNING,99608.68,1649.216
212,2026-02-11 12:54:12,n8n_postgres,RUNNING,100573.8,1649.216
213,2026-02-11 12:54:12,supabase-analytics,RUNNING,100518.99,1649.216
214,2026-02-11 12:54:12,n8n_pgvector,RUNNING,100940.92,1649.216
215,2026-02-11 12:54:12,chatwoot_redis,RUNNING,102112.02,1649.216
216,2026-02-11 12:54:12,supabase-meta,RUNNING,101462.51,1649.216
217,2026-02-11 12:54:12,supabase-studio,RUNNING,99813,1649.216
218,2026-02-11 12:54:12,db_proxy,RUNNING,100228.29,1649.216
219,2026-02-11 12:53:12,cadvisor,RUNNING,98999.47,1649.216
220,2026-02-11 12:53:12,waha,RUNNING,100437.95,1649.216
221,2026-02-11 12:53:12,app_proxy,RUNNING,100958.92,1649.216
222,2026-02-11 12:53:12,chatwoot_redisV2,RUNNING,99158.75,1649.216
223,2026-02-11 12:53:12,supabase-rest,RUNNING,99766,1649.216
224,2026-02-11 12:53:12,evolution,RUNNING,98578.05,1649.216
225,2026-02-11 12:53:12,supabase-imgproxy,RUNNING,98637.78,1649.216
226,2026-02-11 12:53:12,chatwoot_postgresV2,RUNNING,101440.07,1649.216
227,2026-02-11 12:53:12,gemini,RUNNING,100997.08,1649.216
228,2026-02-11 12:53:12,realtime-dev.supabase-realtime,RUNNING,98695.85,1649.216
229,2026-02-11 12:53:12,n8n,RUNNING,99167.05,1649.216
230,2026-02-11 12:53:12,supabase-auth,RUNNING,101282.45,1649.216
231,2026-02-11 12:53:12,supabase-edge-functions,RUNNING,99152.11,1649.216
232,2026-02-11 12:53:12,n8n_redis,RUNNING,99868.86,1649.216
233,2026-02-11 12:53:12,supabase-vector,RUNNING,98392.22,1649.216
234,2026-02-11 12:53:12,chatwoot_sidekiq,RUNNING,99427.53,1649.216
235,2026-02-11 12:53:12,supabase-db,RUNNING,101181.25,1649.216
236,2026-02-11 12:53:12,supabase-kong,RUNNING,100560.73,1649.216
237,2026-02-11 12:53:12,redis,RUNNING,99824.07,1649.216
238,2026-02-11 12:53:12,postgres,RUNNING,100099.48,1649.216
239,2026-02-11 12:53:12,adminer,RUNNING,100121.05,1649.216
240,2026-02-11 12:53:12,chatwoot_sidekiqV2,RUNNING,98307.61,1649.216
241,2026-02-11 12:53:12,supabase-storage,RUNNING,100519.25,1649.216
242,2026-02-11 12:53:12,chatwoot_postgres,RUNNING,100227.24,1649.216
243,2026-02-11 12:53:12,n8n_postgres,RUNNING,99193.59,1649.216
244,2026-02-11 12:53:12,supabase-analytics,RUNNING,100467.81,1649.216
245,2026-02-11 12:53:12,n8n_pgvector,RUNNING,100578.98,1649.216
246,2026-02-11 12:53:12,chatwoot_redis,RUNNING,98325.86,1649.216
247,2026-02-11 12:53:12,supabase-meta,RUNNING,99110.63,1649.216
248,2026-02-11 12:53:12,supabase-studio,RUNNING,101373.71,1649.216
249,2026-02-11 12:53:12,db_proxy,RUNNING,99545.33,1649.216
250,2026-02-11 12:52:11,cadvisor,RUNNING,98435.09,1649.216
251,2026-02-11 12:52:11,waha,RUNNING,98812.35,1649.216
252,2026-02-11 12:52:11,app_proxy,RUNNING,98723.88,1649.216
253,2026-02-11 12:52:11,chatwoot_redisV2,RUNNING,100493.36,1649.216
254,2026-02-11 12:52:11,supabase-rest,RUNNING,96860.91,1649.216
255,2026-02-11 12:52:11,evolution,RUNNING,101388.12,1649.216
256,2026-02-11 12:52:11,supabase-imgproxy,RUNNING,100156.16,1649.216
257,2026-02-11 12:52:11,chatwoot_postgresV2,RUNNING,98496.85,1649.216
258,2026-02-11 12:52:11,gemini,RUNNING,99778.89,1649.216
259,2026-02-11 12:52:11,realtime-dev.supabase-realtime,RUNNING,101531.68,1649.216
260,2026-02-11 12:52:11,n8n,RUNNING,99673.73,1649.216
261,2026-02-11 12:52:11,supabase-auth,RUNNING,99423.33,1649.216
262,2026-02-11 12:52:11,supabase-edge-functions,RUNNING,101641.86,1649.216
263,2026-02-11 12:52:11,n8n_redis,RUNNING,100850.6,1649.216
264,2026-02-11 12:52:11,supabase-vector,RUNNING,100094.4,1649.216
265,2026-02-11 12:52:11,chatwoot_sidekiq,RUNNING,99311.48,1649.216
266,2026-02-11 12:52:11,supabase-db,RUNNING,100037.64,1649.216
267,2026-02-11 12:52:11,supabase-kong,RUNNING,98618.71,1649.216
268,2026-02-11 12:52:11,redis,RUNNING,101035.89,1649.216
269,2026-02-11 12:52:11,postgres,RUNNING,101944.01,1649.216
270,2026-02-11 12:52:11,adminer,RUNNING,99605.28,1649.216
271,2026-02-11 12:52:11,chatwoot_sidekiqV2,RUNNING,101575.09,1649.216
272,2026-02-11 12:52:11,supabase-storage,RUNNING,97919.27,1649.216
273,2026-02-11 12:52:11,chatwoot_postgres,RUNNING,101581.76,1649.216
274,2026-02-11 12:52:11,n8n_postgres,RUNNING,99690.42,1649.216
275,2026-02-11 12:52:11,supabase-analytics,RUNNING,99495.11,1649.216
276,2026-02-11 12:52:11,n8n_pgvector,RUNNING,99560.21,1649.216
277,2026-02-11 12:52:11,chatwoot_redis,RUNNING,101852.19,1649.216
278,2026-02-11 12:52:11,supabase-meta,RUNNING,98597.01,1649.216
279,2026-02-11 12:52:11,supabase-studio,RUNNING,100777.15,1649.216
280,2026-02-11 12:52:11,db_proxy,RUNNING,99999.24,1649.216
281,2026-02-11 12:51:12,cadvisor,RUNNING,100943.1,1649.216
282,2026-02-11 12:51:12,waha,RUNNING,99893.83,1649.216
283,2026-02-11 12:51:12,app_proxy,RUNNING,100734.92,1649.216
284,2026-02-11 12:51:12,chatwoot_redisV2,RUNNING,101702.58,1649.216
285,2026-02-11 12:51:12,supabase-rest,RUNNING,102556.98,1649.216
286,2026-02-11 12:51:12,evolution,RUNNING,100596.68,1649.216
287,2026-02-11 12:51:12,supabase-imgproxy,RUNNING,101884.12,1649.216
288,2026-02-11 12:51:12,chatwoot_postgresV2,RUNNING,101336.16,1649.216
289,2026-02-11 12:51:12,gemini,RUNNING,98683.01,1649.216
290,2026-02-11 12:51:12,realtime-dev.supabase-realtime,RUNNING,99002.79,1649.216
291,2026-02-11 12:51:12,n8n,RUNNING,98969.48,1649.216
292,2026-02-11 12:51:12,supabase-auth,RUNNING,99675.65,1649.216
293,2026-02-11 12:51:12,supabase-edge-functions,RUNNING,100811.53,1649.216
294,2026-02-11 12:51:12,n8n_redis,RUNNING,98421.52,1649.216
295,2026-02-11 12:51:12,supabase-vector,RUNNING,99584.05,1649.216
296,2026-02-11 12:51:12,chatwoot_sidekiq,RUNNING,101199.59,1649.216
297,2026-02-11 12:51:12,supabase-db,RUNNING,101088,1649.216
298,2026-02-11 12:51:12,supabase-kong,RUNNING,100721.59,1649.216
299,2026-02-11 12:51:12,redis,RUNNING,98669.69,1649.216
300,2026-02-11 12:51:12,postgres,RUNNING,97961.84,1649.216
301,2026-02-11 12:51:12,adminer,RUNNING,101665.93,1649.216
302,2026-02-11 12:51:12,chatwoot_sidekiqV2,RUNNING,99955.46,1649.216
303,2026-02-11 12:51:12,supabase-storage,RUNNING,100684.95,1649.216
304,2026-02-11 12:51:12,chatwoot_postgres,RUNNING,99255.94,1649.216
305,2026-02-11 12:51:12,n8n_postgres,RUNNING,101201.26,1649.216
306,2026-02-11 12:51:12,supabase-analytics,RUNNING,100396.82,1649.216
307,2026-02-11 12:51:12,n8n_pgvector,RUNNING,98981.14,1649.216
308,2026-02-11 12:51:12,chatwoot_redis,RUNNING,98526.45,1649.216
309,2026-02-11 12:51:12,supabase-meta,RUNNING,100423.47,1649.216
310,2026-02-11 12:51:12,supabase-studio,RUNNING,97791.96,1649.216
311,2026-02-11 12:51:12,db_proxy,RUNNING,101102.99,1649.216
312,2026-02-11 12:50:12,cadvisor,RUNNING,99844.67,1649.216
313,2026-02-11 12:50:12,waha,RUNNING,100781.02,1649.216
314,2026-02-11 12:50:12,app_proxy,RUNNING,100371.37,1649.216
315,2026-02-11 12:50:12,chatwoot_redisV2,RUNNING,99473.48,1649.216
316,2026-02-11 12:50:12,supabase-rest,RUNNING,98471.92,1649.216
317,2026-02-11 12:50:12,evolution,RUNNING,99073.86,1649.216
318,2026-02-11 12:50:12,supabase-imgproxy,RUNNING,98184.33,1649.216
319,2026-02-11 12:50:12,chatwoot_postgresV2,RUNNING,98095.71,1649.216
320,2026-02-11 12:50:12,gemini,RUNNING,100587.06,1649.216
321,2026-02-11 12:50:12,realtime-dev.supabase-realtime,RUNNING,100421.53,1649.216
322,2026-02-11 12:50:12,n8n,RUNNING,100036.96,1649.216
323,2026-02-11 12:50:12,supabase-auth,RUNNING,100394.78,1649.216
324,2026-02-11 12:50:12,supabase-edge-functions,RUNNING,98353.21,1649.216
325,2026-02-11 12:50:12,n8n_redis,RUNNING,102018.34,1649.216
326,2026-02-11 12:50:12,supabase-vector,RUNNING,100918.13,1649.216
327,2026-02-11 12:50:12,chatwoot_sidekiq,RUNNING,100938.19,1649.216
328,2026-02-11 12:50:12,supabase-db,RUNNING,98975.21,1649.216
329,2026-02-11 12:50:12,supabase-kong,RUNNING,100423.2,1649.216
330,2026-02-11 12:50:12,redis,RUNNING,100003.52,1649.216
331,2026-02-11 12:50:12,postgres,RUNNING,101026.81,1649.216
332,2026-02-11 12:50:12,adminer,RUNNING,99672.45,1649.216
333,2026-02-11 12:50:12,chatwoot_sidekiqV2,RUNNING,100304.49,1649.216
334,2026-02-11 12:50:12,supabase-storage,RUNNING,101215.75,1649.216
335,2026-02-11 12:50:12,chatwoot_postgres,RUNNING,99998.5,1649.216
336,2026-02-11 12:50:12,n8n_postgres,RUNNING,98191.02,1649.216
337,2026-02-11 12:50:12,supabase-analytics,RUNNING,100057.02,1649.216
338,2026-02-11 12:50:12,n8n_pgvector,RUNNING,101364.57,1649.216
339,2026-02-11 12:50:12,chatwoot_redis,RUNNING,100122.23,1649.216
340,2026-02-11 12:50:12,supabase-meta,RUNNING,101535.11,1649.216
341,2026-02-11 12:50:12,supabase-studio,RUNNING,100234.26,1649.216
342,2026-02-11 12:50:12,db_proxy,RUNNING,98677.58,1649.216
343,2026-02-11 12:49:12,cadvisor,RUNNING,100333.53,1649.216
344,2026-02-11 12:49:12,waha,RUNNING,99972.27,1649.216
345,2026-02-11 12:49:12,app_proxy,RUNNING,99874.04,1649.216
346,2026-02-11 12:49:12,chatwoot_redisV2,RUNNING,99830.76,1649.216
347,2026-02-11 12:49:12,supabase-rest,RUNNING,99293.03,1649.216
348,2026-02-11 12:49:12,evolution,RUNNING,98811.91,1649.216
349,2026-02-11 12:49:12,supabase-imgproxy,RUNNING,100536.63,1649.216
350,2026-02-11 12:49:12,chatwoot_postgresV2,RUNNING,100423.42,1649.216
351,2026-02-11 12:49:12,gemini,RUNNING,99346.31,1649.216
352,2026-02-11 12:49:12,realtime-dev.supabase-realtime,RUNNING,99689.25,1649.216
353,2026-02-11 12:49:12,n8n,RUNNING,100761.38,1649.216
354,2026-02-11 12:49:12,supabase-auth,RUNNING,99146.53,1649.216
355,2026-02-11 12:49:12,supabase-edge-functions,RUNNING,101277.46,1649.216
356,2026-02-11 12:49:12,n8n_redis,RUNNING,98054.43,1649.216
357,2026-02-11 12:49:12,supabase-vector,RUNNING,100749.72,1649.216
358,2026-02-11 12:49:12,chatwoot_sidekiq,RUNNING,98605.47,1649.216
359,2026-02-11 12:49:12,supabase-db,RUNNING,100696.45,1649.216
360,2026-02-11 12:49:12,supabase-kong,RUNNING,98187.61,1649.216
361,2026-02-11 12:49:12,redis,RUNNING,101092.67,1649.216
362,2026-02-11 12:49:12,postgres,RUNNING,100956.16,1649.216
363,2026-02-11 12:49:12,adminer,RUNNING,101244.17,1649.216
364,2026-02-11 12:49:12,chatwoot_sidekiqV2,RUNNING,98320.8,1649.216
365,2026-02-11 12:49:12,supabase-storage,RUNNING,99263.07,1649.216
366,2026-02-11 12:49:12,chatwoot_postgres,RUNNING,99339.65,1649.216
367,2026-02-11 12:49:12,n8n_postgres,RUNNING,99755.84,1649.216
368,2026-02-11 12:49:12,supabase-analytics,RUNNING,98855.19,1649.216
369,2026-02-11 12:49:12,n8n_pgvector,RUNNING,98786.94,1649.216
370,2026-02-11 12:49:12,chatwoot_redis,RUNNING,99774.16,1649.216
371,2026-02-11 12:49:12,supabase-meta,RUNNING,100579.91,1649.216
372,2026-02-11 12:49:12,supabase-studio,RUNNING,99201.47,1649.216
373,2026-02-11 12:49:12,db_proxy,RUNNING,101888.44,1649.216
374,2026-02-11 12:48:12,cadvisor,RUNNING,100884.05,1649.216
375,2026-02-11 12:48:12,waha,RUNNING,100111.05,1649.216
376,2026-02-11 12:48:12,app_proxy,RUNNING,98443.69,1649.216
377,2026-02-11 12:48:12,chatwoot_redisV2,RUNNING,100534.95,1649.216
378,2026-02-11 12:48:12,supabase-rest,RUNNING,100195.83,1649.216
379,2026-02-11 12:48:12,evolution,RUNNING,99836.76,1649.216
380,2026-02-11 12:48:12,supabase-imgproxy,RUNNING,100383.68,1649.216
381,2026-02-11 12:48:12,chatwoot_postgresV2,RUNNING,101834.92,1649.216
382,2026-02-11 12:48:12,gemini,RUNNING,101150.03,1649.216
383,2026-02-11 12:48:12,realtime-dev.supabase-realtime,RUNNING,99052.12,1649.216
384,2026-02-11 12:48:12,n8n,RUNNING,99791.87,1649.216
385,2026-02-11 12:48:12,supabase-auth,RUNNING,101027.01,1649.216
386,2026-02-11 12:48:12,supabase-edge-functions,RUNNING,99510.93,1649.216
387,2026-02-11 12:48:12,n8n_redis,RUNNING,99417.84,1649.216
388,2026-02-11 12:48:12,supabase-vector,RUNNING,99944.81,1649.216
389,2026-02-11 12:48:12,chatwoot_sidekiq,RUNNING,100647.99,1649.216
390,2026-02-11 12:48:12,supabase-db,RUNNING,99082.04,1649.216
391,2026-02-11 12:48:12,supabase-kong,RUNNING,101625.46,1649.216
392,2026-02-11 12:48:12,redis,RUNNING,100097.75,1649.216
393,2026-02-11 12:48:12,postgres,RUNNING,97836.93,1649.216
394,2026-02-11 12:48:12,adminer,RUNNING,97431.31,1649.216
395,2026-02-11 12:48:12,chatwoot_sidekiqV2,RUNNING,99976.4,1649.216
396,2026-02-11 12:48:12,supabase-storage,RUNNING,101214.86,1649.216
397,2026-02-11 12:48:12,chatwoot_postgres,RUNNING,98834.35,1649.216
398,2026-02-11 12:48:12,n8n_postgres,RUNNING,101437.62,1649.216
399,2026-02-11 12:48:12,supabase-analytics,RUNNING,99233.32,1649.216
400,2026-02-11 12:48:12,n8n_pgvector,RUNNING,99449.43,1649.216
401,2026-02-11 12:48:12,chatwoot_redis,RUNNING,99687.14,1649.216
402,2026-02-11 12:48:12,supabase-meta,RUNNING,98879.23,1649.216
403,2026-02-11 12:48:12,supabase-studio,RUNNING,99911.56,1649.216
404,2026-02-11 12:48:12,db_proxy,RUNNING,98684.74,1649.216
405,2026-02-11 12:47:12,cadvisor,RUNNING,100811.64,1649.216
406,2026-02-11 12:47:12,waha,RUNNING,100404.85,1649.216
407,2026-02-11 12:47:12,app_proxy,RUNNING,102220.56,1649.216
408,2026-02-11 12:47:12,chatwoot_redisV2,RUNNING,100811.64,1649.216
409,2026-02-11 12:47:12,supabase-rest,RUNNING,101846.94,1649.216
410,2026-02-11 12:47:12,evolution,RUNNING,103884.37,1649.216
411,2026-02-11 12:47:12,supabase-imgproxy,RUNNING,100130.75,1649.216
412,2026-02-11 12:47:12,chatwoot_postgresV2,RUNNING,99814.75,1649.216
413,2026-02-11 12:47:12,gemini,RUNNING,101024.64,1649.216
414,2026-02-11 12:47:12,realtime-dev.supabase-realtime,RUNNING,103107.46,1649.216
415,2026-02-11 12:47:12,n8n,RUNNING,101468.09,1649.216
416,2026-02-11 12:47:12,supabase-auth,RUNNING,99285.75,1649.216
417,2026-02-11 12:47:12,supabase-edge-functions,RUNNING,101742.19,1649.216
418,2026-02-11 12:47:12,n8n_redis,RUNNING,101934.23,1649.216
419,2026-02-11 12:47:12,supabase-vector,RUNNING,100490.4,1649.216
420,2026-02-11 12:47:12,chatwoot_sidekiq,RUNNING,101724.73,1649.216
421,2026-02-11 12:47:12,supabase-db,RUNNING,101462.85,1649.216
422,2026-02-11 12:47:12,supabase-kong,RUNNING,102332.29,1649.216
423,2026-02-11 12:47:12,redis,RUNNING,102484.18,1649.216
424,2026-02-11 12:47:12,postgres,RUNNING,101090.98,1649.216
425,2026-02-11 12:47:12,adminer,RUNNING,102419.59,1649.216
426,2026-02-11 12:47:12,chatwoot_sidekiqV2,RUNNING,102135.01,1649.216
427,2026-02-11 12:47:12,supabase-storage,RUNNING,99853.16,1649.216
428,2026-02-11 12:47:12,chatwoot_postgres,RUNNING,102388.16,1649.216
429,2026-02-11 12:47:12,n8n_postgres,RUNNING,100411.84,1649.216
430,2026-02-11 12:47:12,supabase-analytics,RUNNING,102335.78,1649.216
431,2026-02-11 12:47:12,n8n_pgvector,RUNNING,101654.9,1649.216
432,2026-02-11 12:47:12,chatwoot_redis,RUNNING,103083.02,1649.216
433,2026-02-11 12:47:12,supabase-meta,RUNNING,102321.82,1649.216
434,2026-02-11 12:47:12,supabase-studio,RUNNING,101290.01,1649.216
435,2026-02-11 12:47:12,db_proxy,RUNNING,102119.3,1649.216
436,2026-02-11 12:46:14,cadvisor,RUNNING,98385.15,1649.216
437,2026-02-11 12:46:14,waha,RUNNING,99873.28,1649.216
438,2026-02-11 12:46:14,app_proxy,RUNNING,99690.05,1649.216
439,2026-02-11 12:46:14,chatwoot_redisV2,RUNNING,97422.81,1649.216
440,2026-02-11 12:46:14,supabase-rest,RUNNING,99471.77,1649.216
441,2026-02-11 12:46:14,evolution,RUNNING,98150.94,1649.216
442,2026-02-11 12:46:14,supabase-imgproxy,RUNNING,99868.5,1649.216
443,2026-02-11 12:46:14,chatwoot_postgresV2,RUNNING,98139.79,1649.216
444,2026-02-11 12:46:14,gemini,RUNNING,98299.12,1649.216
445,2026-02-11 12:46:14,realtime-dev.supabase-realtime,RUNNING,98009.14,1649.216
446,2026-02-11 12:46:14,n8n,RUNNING,100196.71,1649.216
447,2026-02-11 12:46:14,supabase-auth,RUNNING,100364.01,1649.216
448,2026-02-11 12:46:14,supabase-edge-functions,RUNNING,97752.62,1649.216
449,2026-02-11 12:46:14,n8n_redis,RUNNING,99388.92,1649.216
450,2026-02-11 12:46:14,supabase-vector,RUNNING,99618.35,1649.216
451,2026-02-11 12:46:14,chatwoot_sidekiq,RUNNING,97244.36,1649.216
452,2026-02-11 12:46:14,supabase-db,RUNNING,98381.97,1649.216
453,2026-02-11 12:46:14,supabase-kong,RUNNING,97311.28,1649.216
454,2026-02-11 12:46:14,redis,RUNNING,98201.93,1649.216
455,2026-02-11 12:46:14,postgres,RUNNING,98934.84,1649.216
456,2026-02-11 12:46:14,adminer,RUNNING,98082.43,1649.216
457,2026-02-11 12:46:14,chatwoot_sidekiqV2,RUNNING,97768.55,1649.216
458,2026-02-11 12:46:14,supabase-storage,RUNNING,98193.96,1649.216
459,2026-02-11 12:46:14,chatwoot_postgres,RUNNING,98093.58,1649.216
460,2026-02-11 12:46:14,n8n_postgres,RUNNING,99141.96,1649.216
461,2026-02-11 12:46:14,supabase-analytics,RUNNING,97962.93,1649.216
462,2026-02-11 12:46:14,n8n_pgvector,RUNNING,100013.49,1649.216
463,2026-02-11 12:46:14,chatwoot_redis,RUNNING,97606.04,1649.216
464,2026-02-11 12:46:14,supabase-meta,RUNNING,97853,1649.216
465,2026-02-11 12:46:14,supabase-studio,RUNNING,99408.04,1649.216
466,2026-02-11 12:46:14,db_proxy,RUNNING,97540.71,1649.216
467,2026-02-11 12:45:11,cadvisor,RUNNING,100678.09,1649.216
468,2026-02-11 12:45:11,waha,RUNNING,101375.12,1649.216
469,2026-02-11 12:45:11,app_proxy,RUNNING,99378.65,1649.216
470,2026-02-11 12:45:11,chatwoot_redisV2,RUNNING,101697.07,1649.216
471,2026-02-11 12:45:11,supabase-rest,RUNNING,98907.33,1649.216
472,2026-02-11 12:45:11,evolution,RUNNING,99171.2,1649.216
473,2026-02-11 12:45:11,supabase-imgproxy,RUNNING,101187.58,1649.216
474,2026-02-11 12:45:11,chatwoot_postgresV2,RUNNING,99552.9,1649.216
475,2026-02-11 12:45:11,gemini,RUNNING,101715.33,1649.216
476,2026-02-11 12:45:11,realtime-dev.supabase-realtime,RUNNING,99899.75,1649.216
477,2026-02-11 12:45:11,n8n,RUNNING,100107.2,1649.216
478,2026-02-11 12:45:11,supabase-auth,RUNNING,99695.63,1649.216
479,2026-02-11 12:45:11,supabase-edge-functions,RUNNING,99337.16,1649.216
480,2026-02-11 12:45:11,n8n_redis,RUNNING,99941.24,1649.216
481,2026-02-11 12:45:11,supabase-vector,RUNNING,99971.11,1649.216
482,2026-02-11 12:45:11,chatwoot_sidekiq,RUNNING,100580.18,1649.216
483,2026-02-11 12:45:11,supabase-db,RUNNING,99931.29,1649.216
484,2026-02-11 12:45:11,supabase-kong,RUNNING,100570.22,1649.216
485,2026-02-11 12:45:11,redis,RUNNING,98329.8,1649.216
486,2026-02-11 12:45:11,postgres,RUNNING,101386.73,1649.216
487,2026-02-11 12:45:11,adminer,RUNNING,100679.75,1649.216
488,2026-02-11 12:45:11,chatwoot_sidekiqV2,RUNNING,101016.65,1649.216
489,2026-02-11 12:45:11,supabase-storage,RUNNING,101006.69,1649.216
490,2026-02-11 12:45:11,chatwoot_postgres,RUNNING,100314.65,1649.216
491,2026-02-11 12:45:11,n8n_postgres,RUNNING,100716.26,1649.216
492,2026-02-11 12:45:11,supabase-analytics,RUNNING,100293.07,1649.216
493,2026-02-11 12:45:11,n8n_pgvector,RUNNING,98915.63,1649.216
494,2026-02-11 12:45:11,chatwoot_redis,RUNNING,99406.86,1649.216
495,2026-02-11 12:45:11,supabase-meta,RUNNING,100985.11,1649.216
496,2026-02-11 12:45:11,supabase-studio,RUNNING,102155.12,1649.216
497,2026-02-11 12:45:11,db_proxy,RUNNING,102375.84,1649.216
498,2026-02-11 12:44:11,cadvisor,RUNNING,98017.63,1649.216
499,2026-02-11 12:44:11,waha,RUNNING,98839.89,1649.216
500,2026-02-11 12:44:11,app_proxy,RUNNING,99662.15,1649.216
501,2026-02-11 12:44:11,chatwoot_redisV2,RUNNING,100444.39,1649.216
502,2026-02-11 12:44:11,supabase-rest,RUNNING,100834.67,1649.216
503,2026-02-11 12:44:11,evolution,RUNNING,100866.36,1649.216
504,2026-02-11 12:44:11,supabase-imgproxy,RUNNING,99843.95,1649.216
505,2026-02-11 12:44:11,chatwoot_postgresV2,RUNNING,101568.53,1649.216
506,2026-02-11 12:44:11,gemini,RUNNING,98466.29,1649.216
507,2026-02-11 12:44:11,realtime-dev.supabase-realtime,RUNNING,101251.64,1649.216
508,2026-02-11 12:44:11,n8n,RUNNING,97567.3,1649.216
509,2026-02-11 12:44:11,supabase-auth,RUNNING,103813.49,1649.216
510,2026-02-11 12:44:11,supabase-edge-functions,RUNNING,100467.74,1649.216
511,2026-02-11 12:44:11,n8n_redis,RUNNING,100059.11,1649.216
512,2026-02-11 12:44:11,supabase-vector,RUNNING,98416.25,1649.216
513,2026-02-11 12:44:11,chatwoot_sidekiq,RUNNING,101943.81,1649.216
514,2026-02-11 12:44:11,supabase-db,RUNNING,100050.77,1649.216
515,2026-02-11 12:44:11,supabase-kong,RUNNING,97899.21,1649.216
516,2026-02-11 12:44:11,redis,RUNNING,102869.48,1649.216
517,2026-02-11 12:44:11,postgres,RUNNING,99520.38,1649.216
518,2026-02-11 12:44:11,adminer,RUNNING,99293.55,1649.216
519,2026-02-11 12:44:11,chatwoot_sidekiqV2,RUNNING,100546.13,1649.216
520,2026-02-11 12:44:11,supabase-storage,RUNNING,99380.28,1649.216
521,2026-02-11 12:44:11,chatwoot_postgres,RUNNING,99647.14,1649.216
522,2026-02-11 12:44:11,n8n_postgres,RUNNING,99431.99,1649.216
523,2026-02-11 12:44:11,supabase-analytics,RUNNING,99418.64,1649.216
524,2026-02-11 12:44:11,n8n_pgvector,RUNNING,101316.69,1649.216
525,2026-02-11 12:44:11,chatwoot_redis,RUNNING,101049.83,1649.216
526,2026-02-11 12:44:11,supabase-meta,RUNNING,98568.03,1649.216
527,2026-02-11 12:44:11,supabase-studio,RUNNING,97288.77,1649.216
528,2026-02-11 12:44:11,db_proxy,RUNNING,97845.84,1649.216
529,2026-02-11 12:43:11,cadvisor,RUNNING,102924.99,1649.216
530,2026-02-11 12:43:11,waha,RUNNING,99508.91,1649.216
531,2026-02-11 12:43:11,app_proxy,RUNNING,99889.78,1649.216
532,2026-02-11 12:43:11,chatwoot_redisV2,RUNNING,99118.03,1649.216
533,2026-02-11 12:43:11,supabase-rest,RUNNING,100008.38,1649.216
534,2026-02-11 12:43:11,evolution,RUNNING,98972.7,1649.216
535,2026-02-11 12:43:11,supabase-imgproxy,RUNNING,98984.39,1649.216
536,2026-02-11 12:43:11,chatwoot_postgresV2,RUNNING,100155.38,1649.216
537,2026-02-11 12:43:11,gemini,RUNNING,99535.64,1649.216
538,2026-02-11 12:43:11,realtime-dev.supabase-realtime,RUNNING,99084.62,1649.216
539,2026-02-11 12:43:11,n8n,RUNNING,101581.95,1649.216
540,2026-02-11 12:43:11,supabase-auth,RUNNING,95905.75,1649.216
541,2026-02-11 12:43:11,supabase-edge-functions,RUNNING,100688.25,1649.216
542,2026-02-11 12:43:11,n8n_redis,RUNNING,100611.41,1649.216
543,2026-02-11 12:43:11,supabase-vector,RUNNING,102849.82,1649.216
544,2026-02-11 12:43:11,chatwoot_sidekiq,RUNNING,100157.05,1649.216
545,2026-02-11 12:43:11,supabase-db,RUNNING,101885.97,1649.216
546,2026-02-11 12:43:11,supabase-kong,RUNNING,101981.19,1649.216
547,2026-02-11 12:43:11,redis,RUNNING,98102.39,1649.216
548,2026-02-11 12:43:11,postgres,RUNNING,100324.1,1649.216
549,2026-02-11 12:43:11,adminer,RUNNING,102123.17,1649.216
550,2026-02-11 12:43:11,chatwoot_sidekiqV2,RUNNING,98621.9,1649.216
551,2026-02-11 12:43:11,supabase-storage,RUNNING,100609.74,1649.216
552,2026-02-11 12:43:11,chatwoot_postgres,RUNNING,102403.81,1649.216
553,2026-02-11 12:43:11,n8n_postgres,RUNNING,101947.78,1649.216
554,2026-02-11 12:43:11,supabase-analytics,RUNNING,101682.17,1649.216
555,2026-02-11 12:43:11,n8n_pgvector,RUNNING,98732.15,1649.216
556,2026-02-11 12:43:11,chatwoot_redis,RUNNING,99214.91,1649.216
557,2026-02-11 12:43:11,supabase-meta,RUNNING,99318.48,1649.216
558,2026-02-11 12:43:11,supabase-studio,RUNNING,100504.51,1649.216
559,2026-02-11 12:43:11,db_proxy,RUNNING,101232.82,1649.216
560,2026-02-11 12:42:11,cadvisor,RUNNING,98225.13,1649.216
561,2026-02-11 12:42:11,waha,RUNNING,100526.62,1649.216
562,2026-02-11 12:42:11,app_proxy,RUNNING,101001.93,1649.216
563,2026-02-11 12:42:11,chatwoot_redisV2,RUNNING,100546.63,1649.216
564,2026-02-11 12:42:11,supabase-rest,RUNNING,100211.42,1649.216
565,2026-02-11 12:42:11,evolution,RUNNING,102364.47,1649.216
566,2026-02-11 12:42:11,supabase-imgproxy,RUNNING,100616.68,1649.216
567,2026-02-11 12:42:11,chatwoot_postgresV2,RUNNING,100208.08,1649.216
568,2026-02-11 12:42:11,gemini,RUNNING,99954.58,1649.216
569,2026-02-11 12:42:11,realtime-dev.supabase-realtime,RUNNING,99964.59,1649.216
570,2026-02-11 12:42:11,n8n,RUNNING,99714.43,1649.216
571,2026-02-11 12:42:11,supabase-auth,RUNNING,100988.58,1649.216
572,2026-02-11 12:42:11,supabase-edge-functions,RUNNING,101193.72,1649.216
573,2026-02-11 12:42:11,n8n_redis,RUNNING,100491.6,1649.216
574,2026-02-11 12:42:11,supabase-vector,RUNNING,98937.26,1649.216
575,2026-02-11 12:42:11,chatwoot_sidekiq,RUNNING,98041.68,1649.216
576,2026-02-11 12:42:11,supabase-db,RUNNING,98303.52,1649.216
577,2026-02-11 12:42:11,supabase-kong,RUNNING,99099.03,1649.216
578,2026-02-11 12:42:11,redis,RUNNING,101268.76,1649.216
579,2026-02-11 12:42:11,rabbitmq,RUNNING,99944.5,1649.216
580,2026-02-11 12:42:11,postgres,RUNNING,98545.34,1649.216
581,2026-02-11 12:42:11,adminer,RUNNING,98675.42,1649.216
582,2026-02-11 12:42:11,chatwoot_sidekiqV2,RUNNING,99986.27,1649.216
583,2026-02-11 12:42:11,supabase-storage,RUNNING,101068.64,1649.216
584,2026-02-11 12:42:11,chatwoot_postgres,RUNNING,98607.05,1649.216
585,2026-02-11 12:42:11,n8n_postgres,RUNNING,97626.41,1649.216
586,2026-02-11 12:42:11,supabase-analytics,RUNNING,99842.84,1649.216
587,2026-02-11 12:42:11,n8n_pgvector,RUNNING,101308.79,1649.216
588,2026-02-11 12:42:11,chatwoot_redis,RUNNING,100403.21,1649.216
589,2026-02-11 12:42:11,supabase-meta,RUNNING,100871.84,1649.216
590,2026-02-11 12:42:11,supabase-studio,RUNNING,100790.12,1649.216
591,2026-02-11 12:42:11,db_proxy,RUNNING,99656.06,1649.216
592,2026-02-11 12:41:11,cadvisor,RUNNING,100535.58,1649.216
593,2026-02-11 12:41:11,waha,RUNNING,100585.29,1649.216
594,2026-02-11 12:41:11,app_proxy,RUNNING,99776.64,1649.216
595,2026-02-11 12:41:11,chatwoot_redisV2,RUNNING,99930.75,1649.216
596,2026-02-11 12:41:11,supabase-rest,RUNNING,99876.07,1649.216
597,2026-02-11 12:41:11,evolution,RUNNING,98018.5,1649.216
598,2026-02-11 12:41:11,supabase-imgproxy,RUNNING,98543.79,1649.216
599,2026-02-11 12:41:11,chatwoot_postgresV2,RUNNING,98407.91,1649.216
600,2026-02-11 12:41:11,gemini,RUNNING,102232.41,1649.216
601,2026-02-11 12:41:11,realtime-dev.supabase-realtime,RUNNING,100331.76,1649.216
602,2026-02-11 12:41:11,n8n,RUNNING,100407.98,1649.216
603,2026-02-11 12:41:11,supabase-auth,RUNNING,98530.53,1649.216
604,2026-02-11 12:41:11,supabase-edge-functions,RUNNING,98470.88,1649.216
605,2026-02-11 12:41:11,n8n_redis,RUNNING,100055.03,1649.216
606,2026-02-11 12:41:11,supabase-vector,RUNNING,98820.52,1649.216
607,2026-02-11 12:41:11,chatwoot_sidekiq,RUNNING,101483.41,1649.216
608,2026-02-11 12:41:11,supabase-db,RUNNING,99564.54,1649.216
609,2026-02-11 12:41:11,supabase-kong,RUNNING,101360.79,1649.216
610,2026-02-11 12:41:11,redis,RUNNING,100021.89,1649.216
611,2026-02-11 12:41:11,postgres,RUNNING,100126.28,1649.216
612,2026-02-11 12:41:11,adminer,RUNNING,101233.2,1649.216
613,2026-02-11 12:41:11,chatwoot_sidekiqV2,RUNNING,101138.75,1649.216
614,2026-02-11 12:41:11,supabase-storage,RUNNING,97832.91,1649.216
615,2026-02-11 12:41:11,chatwoot_postgres,RUNNING,100149.48,1649.216
616,2026-02-11 12:41:11,n8n_postgres,RUNNING,100391.41,1649.216
617,2026-02-11 12:41:11,supabase-analytics,RUNNING,99203.3,1649.216
618,2026-02-11 12:41:11,n8n_pgvector,RUNNING,98346.6,1649.216
619,2026-02-11 12:41:11,chatwoot_redis,RUNNING,98946.45,1649.216
620,2026-02-11 12:41:11,supabase-meta,RUNNING,100051.71,1649.216
621,2026-02-11 12:41:11,supabase-studio,RUNNING,100790.76,1649.216
622,2026-02-11 12:41:11,db_proxy,RUNNING,99566.19,1649.216
623,2026-02-11 12:40:11,cadvisor,RUNNING,99097.5,1649.215
624,2026-02-11 12:40:11,waha,RUNNING,99214.07,1649.215
625,2026-02-11 12:40:11,app_proxy,RUNNING,100676.14,1649.215
626,2026-02-11 12:40:11,chatwoot_redisV2,RUNNING,98829.4,1649.215
627,2026-02-11 12:40:11,supabase-rest,RUNNING,99925.12,1649.215
628,2026-02-11 12:40:11,evolution,RUNNING,101009.18,1649.215
629,2026-02-11 12:40:11,supabase-imgproxy,RUNNING,102298.06,1649.215
630,2026-02-11 12:40:11,chatwoot_postgresV2,RUNNING,100969.22,1649.215
631,2026-02-11 12:40:11,gemini,RUNNING,98722.83,1649.215
632,2026-02-11 12:40:11,realtime-dev.supabase-realtime,RUNNING,101685.26,1649.215
633,2026-02-11 12:40:11,n8n,RUNNING,100446.33,1649.215
634,2026-02-11 12:40:11,supabase-auth,RUNNING,101378.86,1649.215
635,2026-02-11 12:40:11,supabase-edge-functions,RUNNING,100717.77,1649.215
636,2026-02-11 12:40:11,n8n_redis,RUNNING,99034.22,1649.215
637,2026-02-11 12:40:11,supabase-vector,RUNNING,100043.35,1649.215
638,2026-02-11 12:40:11,chatwoot_sidekiq,RUNNING,99177.43,1649.215
639,2026-02-11 12:40:11,supabase-db,RUNNING,99768.59,1649.215
640,2026-02-11 12:40:11,supabase-kong,RUNNING,98789.44,1649.215
641,2026-02-11 12:40:11,redis,RUNNING,99380.59,1649.215
642,2026-02-11 12:40:11,postgres,RUNNING,102196.49,1649.215
643,2026-02-11 12:40:11,adminer,RUNNING,99605.4,1649.215
644,2026-02-11 12:40:11,chatwoot_sidekiqV2,RUNNING,101099.1,1649.215
645,2026-02-11 12:40:11,supabase-storage,RUNNING,102802.63,1649.215
646,2026-02-11 12:40:11,chatwoot_postgres,RUNNING,100832.67,1649.215
647,2026-02-11 12:40:11,n8n_postgres,RUNNING,99976.74,1649.215
648,2026-02-11 12:40:11,supabase-analytics,RUNNING,102646.1,1649.215
649,2026-02-11 12:40:11,n8n_pgvector,RUNNING,100960.89,1649.215
650,2026-02-11 12:40:11,chatwoot_redis,RUNNING,100716.1,1649.215
651,2026-02-11 12:40:11,supabase-meta,RUNNING,100982.54,1649.215
652,2026-02-11 12:40:11,supabase-studio,RUNNING,99610.39,1649.215
653,2026-02-11 12:40:11,db_proxy,RUNNING,100617.85,1649.215
654,2026-02-11 12:39:11,cadvisor,RUNNING,101372.69,1649.215
655,2026-02-11 12:39:11,waha,RUNNING,99252.77,1649.215
656,2026-02-11 12:39:11,app_proxy,RUNNING,99123.39,1649.215
657,2026-02-11 12:39:11,chatwoot_redisV2,RUNNING,101614.87,1649.215
658,2026-02-11 12:39:11,supabase-rest,RUNNING,98987.37,1649.215
659,2026-02-11 12:39:11,evolution,RUNNING,98574.33,1649.215
660,2026-02-11 12:39:11,supabase-imgproxy,RUNNING,98045.18,1649.215
661,2026-02-11 12:39:11,chatwoot_postgresV2,RUNNING,100513.44,1649.215
662,2026-02-11 12:39:11,gemini,RUNNING,100667.71,1649.215
663,2026-02-11 12:39:11,realtime-dev.supabase-realtime,RUNNING,99692.35,1649.215
664,2026-02-11 12:39:11,n8n,RUNNING,101034.3,1649.215
665,2026-02-11 12:39:11,supabase-auth,RUNNING,99944.48,1649.215
666,2026-02-11 12:39:11,supabase-edge-functions,RUNNING,101026,1649.215
667,2026-02-11 12:39:11,n8n_redis,RUNNING,99689.03,1649.215
668,2026-02-11 12:39:11,supabase-vector,RUNNING,101616.53,1649.215
669,2026-02-11 12:39:11,chatwoot_sidekiq,RUNNING,100251.35,1649.215
670,2026-02-11 12:39:11,supabase-db,RUNNING,101065.81,1649.215
671,2026-02-11 12:39:11,supabase-kong,RUNNING,99397.09,1649.215
672,2026-02-11 12:39:11,redis,RUNNING,98579.31,1649.215
673,2026-02-11 12:39:11,postgres,RUNNING,99261.07,1649.215
674,2026-02-11 12:39:11,adminer,RUNNING,99319.12,1649.215
675,2026-02-11 12:39:11,chatwoot_sidekiqV2,RUNNING,97871.01,1649.215
676,2026-02-11 12:39:11,supabase-storage,RUNNING,97618.88,1649.215
677,2026-02-11 12:39:11,chatwoot_postgres,RUNNING,99279.31,1649.215
678,2026-02-11 12:39:11,n8n_postgres,RUNNING,101772.45,1649.215
679,2026-02-11 12:39:11,supabase-analytics,RUNNING,98909.41,1649.215
680,2026-02-11 12:39:11,n8n_pgvector,RUNNING,99259.41,1649.215
681,2026-02-11 12:39:11,chatwoot_redis,RUNNING,100752.3,1649.215
682,2026-02-11 12:39:11,supabase-meta,RUNNING,98559.4,1649.215
683,2026-02-11 12:39:11,supabase-studio,RUNNING,100603.01,1649.215
684,2026-02-11 12:39:11,db_proxy,RUNNING,100326,1649.215
685,2026-02-11 12:38:11,cadvisor,RUNNING,100664.8,1649.215
686,2026-02-11 12:38:11,waha,RUNNING,100628.39,1649.215
687,2026-02-11 12:38:11,app_proxy,RUNNING,100054.13,1649.215
688,2026-02-11 12:38:11,chatwoot_redisV2,RUNNING,99728.11,1649.215
689,2026-02-11 12:38:11,supabase-rest,RUNNING,100423.18,1649.215
690,2026-02-11 12:38:11,evolution,RUNNING,101727.27,1649.215
691,2026-02-11 12:38:11,supabase-imgproxy,RUNNING,102157.55,1649.215
692,2026-02-11 12:38:11,chatwoot_postgresV2,RUNNING,100153.42,1649.215
693,2026-02-11 12:38:11,gemini,RUNNING,98715.28,1649.215
694,2026-02-11 12:38:11,realtime-dev.supabase-realtime,RUNNING,99152.19,1649.215
695,2026-02-11 12:38:11,supabase-pooler,RUNNING,100085.22,1649.215
696,2026-02-11 12:38:11,n8n,RUNNING,99023.1,1649.215
697,2026-02-11 12:38:11,supabase-auth,RUNNING,100828.64,1649.215
698,2026-02-11 12:38:11,supabase-edge-functions,RUNNING,99162.12,1649.215
699,2026-02-11 12:38:11,n8n_redis,RUNNING,100630.05,1649.215
700,2026-02-11 12:38:11,supabase-vector,RUNNING,99597.37,1649.215
701,2026-02-11 12:38:11,chatwoot_sidekiq,RUNNING,99595.71,1649.215
702,2026-02-11 12:38:11,supabase-db,RUNNING,98640.81,1649.215
703,2026-02-11 12:38:11,supabase-kong,RUNNING,99719.83,1649.215
704,2026-02-11 12:38:11,redis,RUNNING,100603.57,1649.215
705,2026-02-11 12:38:11,postgres,RUNNING,100848.5,1649.215
706,2026-02-11 12:38:11,adminer,RUNNING,100593.64,1649.215
707,2026-02-11 12:38:11,chatwoot_sidekiqV2,RUNNING,100019.37,1649.215
708,2026-02-11 12:38:11,supabase-storage,RUNNING,100254.38,1649.215
709,2026-02-11 12:38:11,chatwoot_postgres,RUNNING,98763.28,1649.215
710,2026-02-11 12:38:11,n8n_postgres,RUNNING,99650.32,1649.215
711,2026-02-11 12:38:11,supabase-analytics,RUNNING,99973.04,1649.215
712,2026-02-11 12:38:11,n8n_pgvector,RUNNING,100262.65,1649.215
713,2026-02-11 12:38:11,chatwoot_redis,RUNNING,100489.38,1649.215
714,2026-02-11 12:38:11,supabase-meta,RUNNING,101301.95,1649.215
715,2026-02-11 12:38:11,supabase-studio,RUNNING,99249.83,1649.215
716,2026-02-11 12:38:11,db_proxy,RUNNING,99666.87,1649.215
717,2026-02-11 12:37:10,cadvisor,RUNNING,100366.87,1649.215
718,2026-02-11 12:37:10,waha,RUNNING,98891.1,1649.215
719,2026-02-11 12:37:10,app_proxy,RUNNING,99051.95,1649.215
720,2026-02-11 12:37:10,chatwoot_redisV2,RUNNING,99153.09,1649.215
721,2026-02-11 12:37:10,supabase-rest,RUNNING,99507.94,1649.215
722,2026-02-11 12:37:10,evolution,RUNNING,98504.75,1649.215
723,2026-02-11 12:37:10,supabase-imgproxy,RUNNING,98088.55,1649.215
724,2026-02-11 12:37:10,chatwoot_postgresV2,RUNNING,100038.55,1649.215
725,2026-02-11 12:37:10,gemini,RUNNING,100992,1649.215
726,2026-02-11 12:37:10,realtime-dev.supabase-realtime,RUNNING,98478.22,1649.215
727,2026-02-11 12:37:10,n8n,RUNNING,98032.18,1649.215
728,2026-02-11 12:37:10,supabase-auth,RUNNING,98685.49,1649.215
729,2026-02-11 12:37:10,supabase-edge-functions,RUNNING,99257.56,1649.215
730,2026-02-11 12:37:10,n8n_redis,RUNNING,100516.1,1649.215
731,2026-02-11 12:37:10,supabase-vector,RUNNING,99335.49,1649.215
732,2026-02-11 12:37:10,chatwoot_sidekiq,RUNNING,100337.02,1649.215
733,2026-02-11 12:37:10,supabase-db,RUNNING,102011.76,1649.215
734,2026-02-11 12:37:10,supabase-kong,RUNNING,100945.57,1649.215
735,2026-02-11 12:37:10,redis,RUNNING,100109.85,1649.215
736,2026-02-11 12:37:10,postgres,RUNNING,99360.36,1649.215
737,2026-02-11 12:37:10,adminer,RUNNING,98164.83,1649.215
738,2026-02-11 12:37:10,chatwoot_sidekiqV2,RUNNING,102076.43,1649.215
739,2026-02-11 12:37:10,supabase-storage,RUNNING,98983.96,1649.215
740,2026-02-11 12:37:10,chatwoot_postgres,RUNNING,101683.45,1649.215
741,2026-02-11 12:37:10,n8n_postgres,RUNNING,98139.96,1649.215
742,2026-02-11 12:37:10,supabase-analytics,RUNNING,98629.11,1649.215
743,2026-02-11 12:37:10,n8n_pgvector,RUNNING,100409.98,1649.215
744,2026-02-11 12:37:10,chatwoot_redis,RUNNING,99811.38,1649.215
745,2026-02-11 12:37:10,supabase-meta,RUNNING,99109.98,1649.215
746,2026-02-11 12:37:10,supabase-studio,RUNNING,99254.24,1649.215
747,2026-02-11 12:37:10,db_proxy,RUNNING,100529.37,1649.215
748,2026-02-11 12:36:10,cadvisor,RUNNING,98854.19,1649.215
749,2026-02-11 12:36:10,waha,RUNNING,100042.37,1649.215
750,2026-02-11 12:36:10,app_proxy,RUNNING,100532.31,1649.215
751,2026-02-11 12:36:10,chatwoot_redisV2,RUNNING,101110.57,1649.215
752,2026-02-11 12:36:10,supabase-rest,RUNNING,100852.27,1649.215
753,2026-02-11 12:36:10,evolution,RUNNING,100122.36,1649.215
754,2026-02-11 12:36:10,supabase-imgproxy,RUNNING,100718.95,1649.215
755,2026-02-11 12:36:10,chatwoot_postgresV2,RUNNING,99319.13,1649.215
756,2026-02-11 12:36:10,gemini,RUNNING,100149.02,1649.215
757,2026-02-11 12:36:10,realtime-dev.supabase-realtime,RUNNING,100863.93,1649.215
758,2026-02-11 12:36:10,n8n,RUNNING,102315.42,1649.215
759,2026-02-11 12:36:10,supabase-auth,RUNNING,99775.74,1649.215
760,2026-02-11 12:36:10,supabase-edge-functions,RUNNING,100937.26,1649.215
761,2026-02-11 12:36:10,n8n_redis,RUNNING,99524.1,1649.215
762,2026-02-11 12:36:10,supabase-vector,RUNNING,100187.35,1649.215
763,2026-02-11 12:36:10,chatwoot_sidekiq,RUNNING,98102.62,1649.215
764,2026-02-11 12:36:10,supabase-db,RUNNING,98424.24,1649.215
765,2026-02-11 12:36:10,supabase-kong,RUNNING,99229.14,1649.215
766,2026-02-11 12:36:10,redis,RUNNING,99519.1,1649.215
767,2026-02-11 12:36:10,postgres,RUNNING,97957.63,1649.215
768,2026-02-11 12:36:10,adminer,RUNNING,100592.3,1649.215
769,2026-02-11 12:36:10,chatwoot_sidekiqV2,RUNNING,99369.12,1649.215
770,2026-02-11 12:36:10,supabase-storage,RUNNING,100787.28,1649.215
771,2026-02-11 12:36:10,chatwoot_postgres,RUNNING,99622.42,1649.215
772,2026-02-11 12:36:10,n8n_postgres,RUNNING,100983.92,1649.215
773,2026-02-11 12:36:10,supabase-analytics,RUNNING,100675.62,1649.215
774,2026-02-11 12:36:10,n8n_pgvector,RUNNING,98430.91,1649.215
775,2026-02-11 12:36:10,chatwoot_redis,RUNNING,99409.12,1649.215
776,2026-02-11 12:36:10,supabase-meta,RUNNING,100089.03,1649.215
777,2026-02-11 12:36:10,supabase-studio,RUNNING,99997.38,1649.215
778,2026-02-11 12:36:10,db_proxy,RUNNING,97726,1649.215
779,2026-02-11 12:35:10,cadvisor,RUNNING,98483.08,1649.215
780,2026-02-11 12:35:10,waha,RUNNING,101073.59,1649.215
781,2026-02-11 12:35:10,app_proxy,RUNNING,99229.89,1649.215
782,2026-02-11 12:35:10,chatwoot_redisV2,RUNNING,98993.18,1649.215
783,2026-02-11 12:35:10,supabase-rest,RUNNING,100910.23,1649.215
784,2026-02-11 12:35:10,evolution,RUNNING,100123.4,1649.215
785,2026-02-11 12:35:10,supabase-imgproxy,RUNNING,99835.01,1649.215
786,2026-02-11 12:35:10,chatwoot_postgresV2,RUNNING,100458.47,1649.215
787,2026-02-11 12:35:10,gemini,RUNNING,99755,1649.215
788,2026-02-11 12:35:10,realtime-dev.supabase-realtime,RUNNING,101300.31,1649.215
789,2026-02-11 12:35:10,n8n,RUNNING,98414.73,1649.215
790,2026-02-11 12:35:10,supabase-auth,RUNNING,100388.46,1649.215
791,2026-02-11 12:35:10,supabase-edge-functions,RUNNING,100440.13,1649.215
792,2026-02-11 12:35:10,n8n_redis,RUNNING,100400.13,1649.215
793,2026-02-11 12:35:10,supabase-vector,RUNNING,98918.16,1649.215
794,2026-02-11 12:35:10,chatwoot_sidekiq,RUNNING,103444.07,1649.215
795,2026-02-11 12:35:10,supabase-db,RUNNING,101293.64,1649.215
796,2026-02-11 12:35:10,supabase-kong,RUNNING,100695.19,1649.215
797,2026-02-11 12:35:10,redis,RUNNING,101020.25,1649.215
798,2026-02-11 12:35:10,postgres,RUNNING,102820.61,1649.215
799,2026-02-11 12:35:10,adminer,RUNNING,100986.91,1649.215
800,2026-02-11 12:35:10,chatwoot_sidekiqV2,RUNNING,101168.61,1649.215
801,2026-02-11 12:35:10,supabase-storage,RUNNING,100606.83,1649.215
802,2026-02-11 12:35:10,chatwoot_postgres,RUNNING,99171.55,1649.215
803,2026-02-11 12:35:10,n8n_postgres,RUNNING,101088.6,1649.215
804,2026-02-11 12:35:10,supabase-analytics,RUNNING,99531.62,1649.215
805,2026-02-11 12:35:10,n8n_pgvector,RUNNING,100378.46,1649.215
806,2026-02-11 12:35:10,chatwoot_redis,RUNNING,100000.05,1649.215
807,2026-02-11 12:35:10,supabase-meta,RUNNING,100235.09,1649.215
808,2026-02-11 12:35:10,supabase-studio,RUNNING,101371.99,1649.215
809,2026-02-11 12:35:10,db_proxy,RUNNING,101301.97,1649.215
810,2026-02-11 12:34:10,cadvisor,RUNNING,100621.67,1649.215
811,2026-02-11 12:34:10,waha,RUNNING,98953.15,1649.215
812,2026-02-11 12:34:10,app_proxy,RUNNING,99895.86,1649.215
813,2026-02-11 12:34:10,chatwoot_redisV2,RUNNING,100186.19,1649.215
814,2026-02-11 12:34:10,supabase-rest,RUNNING,98219,1649.215
815,2026-02-11 12:34:10,evolution,RUNNING,99527.12,1649.215
816,2026-02-11 12:34:10,supabase-imgproxy,RUNNING,100538.24,1649.215
817,2026-02-11 12:34:10,chatwoot_postgresV2,RUNNING,99180.07,1649.215
818,2026-02-11 12:34:10,gemini,RUNNING,101227.34,1649.215
819,2026-02-11 12:34:10,realtime-dev.supabase-realtime,RUNNING,99740.69,1649.215
820,2026-02-11 12:34:10,n8n,RUNNING,99947.59,1649.215
821,2026-02-11 12:34:10,supabase-auth,RUNNING,100593.3,1649.215
822,2026-02-11 12:34:10,supabase-edge-functions,RUNNING,98909.77,1649.215
823,2026-02-11 12:34:10,n8n_redis,RUNNING,97813.55,1649.215
824,2026-02-11 12:34:10,supabase-vector,RUNNING,102483.74,1649.215
825,2026-02-11 12:34:10,chatwoot_sidekiq,RUNNING,97631.68,1649.215
826,2026-02-11 12:34:10,supabase-db,RUNNING,99425.34,1649.215
827,2026-02-11 12:34:10,supabase-kong,RUNNING,99160.05,1649.215
828,2026-02-11 12:34:10,redis,RUNNING,100329.68,1649.215
829,2026-02-11 12:34:10,postgres,RUNNING,99899.2,1649.215
830,2026-02-11 12:34:10,adminer,RUNNING,99016.55,1649.215
831,2026-02-11 12:34:10,chatwoot_sidekiqV2,RUNNING,97982.07,1649.215
832,2026-02-11 12:34:10,supabase-storage,RUNNING,99800.76,1649.215
833,2026-02-11 12:34:10,chatwoot_postgres,RUNNING,101198.98,1649.215
834,2026-02-11 12:34:10,n8n_postgres,RUNNING,99150.04,1649.215
835,2026-02-11 12:34:10,supabase-analytics,RUNNING,99957.6,1649.215
836,2026-02-11 12:34:10,n8n_pgvector,RUNNING,102191.74,1649.215
837,2026-02-11 12:34:10,chatwoot_redis,RUNNING,99121.67,1649.215
838,2026-02-11 12:34:10,supabase-meta,RUNNING,98757.93,1649.215
839,2026-02-11 12:34:10,supabase-studio,RUNNING,99435.35,1649.215
840,2026-02-11 12:34:10,db_proxy,RUNNING,101239.02,1649.215
841,2026-02-11 12:33:10,cadvisor,RUNNING,99273.42,1649.215
842,2026-02-11 12:33:10,waha,RUNNING,100881.79,1649.215
843,2026-02-11 12:33:10,app_proxy,RUNNING,101108.02,1649.215
844,2026-02-11 12:33:10,chatwoot_redisV2,RUNNING,100723.27,1649.215
845,2026-02-11 12:33:10,supabase-rest,RUNNING,101129.49,1649.215
846,2026-02-11 12:33:10,evolution,RUNNING,99740.74,1649.215
847,2026-02-11 12:33:10,supabase-imgproxy,RUNNING,98394.92,1649.215
848,2026-02-11 12:33:10,chatwoot_postgresV2,RUNNING,100761.25,1649.215
849,2026-02-11 12:33:10,gemini,RUNNING,98829.21,1649.215
850,2026-02-11 12:33:10,realtime-dev.supabase-realtime,RUNNING,98946.46,1649.215
851,2026-02-11 12:33:10,n8n,RUNNING,99431.94,1649.215
852,2026-02-11 12:33:10,supabase-auth,RUNNING,97859.89,1649.215
853,2026-02-11 12:33:10,supabase-edge-functions,RUNNING,98987.74,1649.215
854,2026-02-11 12:33:10,n8n_redis,RUNNING,101697.54,1649.215
855,2026-02-11 12:33:10,supabase-vector,RUNNING,97481.74,1649.215
856,2026-02-11 12:33:10,chatwoot_sidekiq,RUNNING,99448.45,1649.215
857,2026-02-11 12:33:10,supabase-db,RUNNING,98378.41,1649.215
858,2026-02-11 12:33:10,supabase-kong,RUNNING,101624.88,1649.215
859,2026-02-11 12:33:10,redis,RUNNING,97831.82,1649.215
860,2026-02-11 12:33:10,postgres,RUNNING,98398.22,1649.215
861,2026-02-11 12:33:10,adminer,RUNNING,100640.7,1649.215
862,2026-02-11 12:33:10,chatwoot_sidekiqV2,RUNNING,99824.95,1649.215
863,2026-02-11 12:33:10,supabase-storage,RUNNING,98918.38,1649.215
864,2026-02-11 12:33:10,chatwoot_postgres,RUNNING,98214.93,1649.215
865,2026-02-11 12:33:10,n8n_postgres,RUNNING,100412.82,1649.215
866,2026-02-11 12:33:10,supabase-analytics,RUNNING,99588.82,1649.215
867,2026-02-11 12:33:10,n8n_pgvector,RUNNING,99106.63,1649.215
868,2026-02-11 12:33:10,chatwoot_redis,RUNNING,100087.51,1649.215
869,2026-02-11 12:33:10,supabase-meta,RUNNING,102587.59,1649.215
870,2026-02-11 12:33:10,supabase-studio,RUNNING,98158.78,1649.215
871,2026-02-11 12:33:10,db_proxy,RUNNING,97557.71,1649.215
872,2026-02-11 12:32:10,cadvisor,RUNNING,101640.17,1649.215
873,2026-02-11 12:32:10,waha,RUNNING,99139.72,1649.215
874,2026-02-11 12:32:10,app_proxy,RUNNING,100117.06,1649.215
875,2026-02-11 12:32:10,chatwoot_redisV2,RUNNING,99047.36,1649.215
876,2026-02-11 12:32:10,supabase-rest,RUNNING,99641.82,1649.215
877,2026-02-11 12:32:10,evolution,RUNNING,102108.69,1649.215
878,2026-02-11 12:32:10,supabase-imgproxy,RUNNING,100308.5,1649.215
879,2026-02-11 12:32:10,chatwoot_postgresV2,RUNNING,99010.41,1649.215
880,2026-02-11 12:32:10,gemini,RUNNING,100834.11,1649.215
881,2026-02-11 12:32:10,realtime-dev.supabase-realtime,RUNNING,100100.27,1649.215
882,2026-02-11 12:32:10,n8n,RUNNING,100724.96,1649.215
883,2026-02-11 12:32:10,supabase-auth,RUNNING,101997.86,1649.215
884,2026-02-11 12:32:10,supabase-edge-functions,RUNNING,101455.45,1649.215
885,2026-02-11 12:32:10,n8n_redis,RUNNING,99834.94,1649.215
886,2026-02-11 12:32:10,supabase-vector,RUNNING,100436.12,1649.215
887,2026-02-11 12:32:10,chatwoot_sidekiq,RUNNING,101086.01,1649.215
888,2026-02-11 12:32:10,supabase-db,RUNNING,102805.59,1649.215
889,2026-02-11 12:32:10,supabase-kong,RUNNING,101087.69,1649.215
890,2026-02-11 12:32:10,redis,RUNNING,101520.94,1649.215
891,2026-02-11 12:32:10,postgres,RUNNING,100565.43,1649.215
892,2026-02-11 12:32:10,adminer,RUNNING,99030.57,1649.215
893,2026-02-11 12:32:10,chatwoot_sidekiqV2,RUNNING,100145.61,1649.215
894,2026-02-11 12:32:10,supabase-storage,RUNNING,101156.54,1649.215
895,2026-02-11 12:32:10,chatwoot_postgres,RUNNING,101571.32,1649.215
896,2026-02-11 12:32:10,n8n_postgres,RUNNING,100704.81,1649.215
897,2026-02-11 12:32:10,supabase-analytics,RUNNING,101499.11,1649.215
898,2026-02-11 12:32:10,n8n_pgvector,RUNNING,99695.56,1649.215
899,2026-02-11 12:32:10,chatwoot_redis,RUNNING,99750.98,1649.215
900,2026-02-11 12:32:10,supabase-meta,RUNNING,97745.92,1649.215
901,2026-02-11 12:32:10,supabase-studio,RUNNING,102028.08,1649.215
902,2026-02-11 12:32:10,db_proxy,RUNNING,101836.65,1649.215
903,2026-02-11 12:31:10,cadvisor,RUNNING,98998.68,1649.215
904,2026-02-11 12:31:10,waha,RUNNING,101821.36,1649.215
905,2026-02-11 12:31:10,app_proxy,RUNNING,99742.63,1649.215
906,2026-02-11 12:31:10,chatwoot_redisV2,RUNNING,99965.65,1649.215
907,2026-02-11 12:31:10,supabase-rest,RUNNING,99754.28,1649.215
908,2026-02-11 12:31:10,evolution,RUNNING,99326.55,1649.215
909,2026-02-11 12:31:10,supabase-imgproxy,RUNNING,102740.07,1649.215
910,2026-02-11 12:31:10,chatwoot_postgresV2,RUNNING,100345.11,1649.215
911,2026-02-11 12:31:10,gemini,RUNNING,98254.73,1649.215
912,2026-02-11 12:31:10,realtime-dev.supabase-realtime,RUNNING,100511.54,1649.215
913,2026-02-11 12:31:10,n8n,RUNNING,101972.82,1649.215
914,2026-02-11 12:31:10,supabase-auth,RUNNING,100984.21,1649.215
915,2026-02-11 12:31:10,supabase-edge-functions,RUNNING,99646.1,1649.215
916,2026-02-11 12:31:10,n8n_redis,RUNNING,101396.96,1649.215
917,2026-02-11 12:31:10,supabase-vector,RUNNING,100499.89,1649.215
918,2026-02-11 12:31:10,chatwoot_sidekiq,RUNNING,100761.19,1649.215
919,2026-02-11 12:31:10,supabase-db,RUNNING,100020.57,1649.215
920,2026-02-11 12:31:10,supabase-kong,RUNNING,98472.75,1649.215
921,2026-02-11 12:31:10,redis,RUNNING,100300.17,1649.215
922,2026-02-11 12:31:10,postgres,RUNNING,100667.99,1649.215
923,2026-02-11 12:31:10,adminer,RUNNING,102039.39,1649.215
924,2026-02-11 12:31:10,chatwoot_sidekiqV2,RUNNING,101971.15,1649.215
925,2026-02-11 12:31:10,supabase-storage,RUNNING,99627.79,1649.215
926,2026-02-11 12:31:10,chatwoot_postgres,RUNNING,101596.68,1649.215
927,2026-02-11 12:31:10,n8n_postgres,RUNNING,97973.46,1649.215
928,2026-02-11 12:31:10,supabase-analytics,RUNNING,98862.2,1649.215
929,2026-02-11 12:31:10,n8n_pgvector,RUNNING,104838.77,1649.215
930,2026-02-11 12:31:10,chatwoot_redis,RUNNING,101470.19,1649.215
931,2026-02-11 12:31:10,supabase-meta,RUNNING,101145.65,1649.215
932,2026-02-11 12:31:10,supabase-studio,RUNNING,101629.97,1649.215
933,2026-02-11 12:31:10,db_proxy,RUNNING,99847.48,1649.215
934,2026-02-11 12:30:10,cadvisor,RUNNING,100764.6,1649.215
935,2026-02-11 12:30:10,waha,RUNNING,97858.6,1649.215
936,2026-02-11 12:30:10,app_proxy,RUNNING,98809.18,1649.215
937,2026-02-11 12:30:10,chatwoot_redisV2,RUNNING,100065.65,1649.215
938,2026-02-11 12:30:10,supabase-rest,RUNNING,98995.01,1649.215
939,2026-02-11 12:30:10,evolution,RUNNING,98179.29,1649.215
940,2026-02-11 12:30:10,supabase-imgproxy,RUNNING,97393.17,1649.215
941,2026-02-11 12:30:10,chatwoot_postgresV2,RUNNING,100355.1,1649.215
942,2026-02-11 12:30:10,gemini,RUNNING,101017.87,1649.215
943,2026-02-11 12:30:10,realtime-dev.supabase-realtime,RUNNING,100054.14,1649.215
944,2026-02-11 12:30:10,n8n,RUNNING,99090.4,1649.215
945,2026-02-11 12:30:10,supabase-auth,RUNNING,96973.8,1649.215
946,2026-02-11 12:30:10,supabase-edge-functions,RUNNING,99749.89,1649.215
947,2026-02-11 12:30:10,n8n_redis,RUNNING,97697.43,1649.215
948,2026-02-11 12:30:10,supabase-vector,RUNNING,101113.26,1649.215
949,2026-02-11 12:30:10,chatwoot_sidekiq,RUNNING,97945.76,1649.215
950,2026-02-11 12:30:10,supabase-db,RUNNING,97144.84,1649.215
951,2026-02-11 12:30:10,supabase-kong,RUNNING,100702.11,1649.215
952,2026-02-11 12:30:10,redis,RUNNING,98449.01,1649.215
953,2026-02-11 12:30:10,rabbitmq,RUNNING,99999.82,1649.215
954,2026-02-11 12:30:10,postgres,RUNNING,98506.57,1649.215
955,2026-02-11 12:30:10,adminer,RUNNING,98297.7,1649.215
956,2026-02-11 12:30:10,chatwoot_sidekiqV2,RUNNING,99518,1649.215
957,2026-02-11 12:30:10,supabase-storage,RUNNING,100848.48,1649.215
958,2026-02-11 12:30:10,chatwoot_postgres,RUNNING,99018.04,1649.215
959,2026-02-11 12:30:10,n8n_postgres,RUNNING,100532.72,1649.215
960,2026-02-11 12:30:10,supabase-analytics,RUNNING,99838.69,1649.215
961,2026-02-11 12:30:10,n8n_pgvector,RUNNING,94914.76,1649.215
962,2026-02-11 12:30:10,chatwoot_redis,RUNNING,99649.57,1649.215
963,2026-02-11 12:30:10,supabase-meta,RUNNING,99511.42,1649.215
964,2026-02-11 12:30:10,supabase-studio,RUNNING,99572.27,1649.215
965,2026-02-11 12:30:10,db_proxy,RUNNING,98986.79,1649.215
966,2026-02-11 12:29:09,cadvisor,RUNNING,99457.07,1649.215
967,2026-02-11 12:29:09,waha,RUNNING,100855.26,1649.215
968,2026-02-11 12:29:09,app_proxy,RUNNING,100843.54,1649.215
969,2026-02-11 12:29:09,chatwoot_redisV2,RUNNING,100245.75,1649.215
970,2026-02-11 12:29:09,supabase-rest,RUNNING,100741.39,1649.215
971,2026-02-11 12:29:09,evolution,RUNNING,101642.26,1649.215
972,2026-02-11 12:29:09,supabase-imgproxy,RUNNING,99321.44,1649.215
973,2026-02-11 12:29:09,chatwoot_postgresV2,RUNNING,100828.47,1649.215
974,2026-02-11 12:29:09,gemini,RUNNING,99730.01,1649.215
975,2026-02-11 12:29:09,realtime-dev.supabase-realtime,RUNNING,98521.04,1649.215
976,2026-02-11 12:29:09,n8n,RUNNING,98804.03,1649.215
977,2026-02-11 12:29:09,supabase-auth,RUNNING,102169.72,1649.215
978,2026-02-11 12:29:09,supabase-edge-functions,RUNNING,102020.69,1649.215
979,2026-02-11 12:29:09,n8n_redis,RUNNING,100964.1,1649.215
980,2026-02-11 12:29:09,supabase-vector,RUNNING,99629.54,1649.215
981,2026-02-11 12:29:09,chatwoot_sidekiq,RUNNING,101875.01,1649.215
982,2026-02-11 12:29:09,supabase-db,RUNNING,101103.08,1649.215
983,2026-02-11 12:29:09,supabase-kong,RUNNING,97973.49,1649.215
984,2026-02-11 12:29:09,redis,RUNNING,100592.37,1649.215
985,2026-02-11 12:29:09,postgres,RUNNING,99996.25,1649.215
986,2026-02-11 12:29:09,adminer,RUNNING,100110.12,1649.215
987,2026-02-11 12:29:09,chatwoot_sidekiqV2,RUNNING,98564.58,1649.215
988,2026-02-11 12:29:09,supabase-storage,RUNNING,98721.98,1649.215
989,2026-02-11 12:29:09,chatwoot_postgres,RUNNING,98440.67,1649.215
990,2026-02-11 12:29:09,n8n_postgres,RUNNING,101446.35,1649.215
991,2026-02-11 12:29:09,supabase-analytics,RUNNING,99966.11,1649.215
992,2026-02-11 12:29:09,n8n_pgvector,RUNNING,101988.88,1649.215
993,2026-02-11 12:29:09,chatwoot_redis,RUNNING,100877.03,1649.215
994,2026-02-11 12:29:09,supabase-meta,RUNNING,100463.43,1649.215
995,2026-02-11 12:29:09,supabase-studio,RUNNING,97693.85,1649.215
996,2026-02-11 12:29:09,db_proxy,RUNNING,100942.33,1649.215
997,2026-02-11 12:28:09,cadvisor,RUNNING,100357.57,1649.215
998,2026-02-11 12:28:09,waha,RUNNING,99518.23,1649.215
999,2026-02-11 12:28:09,app_proxy,RUNNING,100259.51,1649.215
1000,2026-02-11 12:28:09,chatwoot_redisV2,RUNNING,101597.45,1649.215
1001,2026-02-11 12:28:09,supabase-rest,RUNNING,99834.02,1649.215
1002,2026-02-11 12:28:09,evolution,RUNNING,99965.32,1649.215
1003,2026-02-11 12:28:09,supabase-imgproxy,RUNNING,102215.73,1649.215
1004,2026-02-11 12:28:09,chatwoot_postgresV2,RUNNING,98742.06,1649.215
1005,2026-02-11 12:28:09,gemini,RUNNING,99651.2,1649.215
1006,2026-02-11 12:28:09,realtime-dev.supabase-realtime,RUNNING,101710.47,1649.215
1007,2026-02-11 12:28:09,n8n,RUNNING,99360.34,1649.215
1008,2026-02-11 12:28:09,supabase-auth,RUNNING,98251.76,1649.215
1009,2026-02-11 12:28:09,supabase-edge-functions,RUNNING,97158.13,1649.215
1010,2026-02-11 12:28:09,n8n_redis,RUNNING,100104.94,1649.215
1011,2026-02-11 12:28:09,supabase-vector,RUNNING,98294.97,1649.215
1012,2026-02-11 12:28:09,chatwoot_sidekiq,RUNNING,99458.4,1649.215
1013,2026-02-11 12:28:09,supabase-db,RUNNING,99862.28,1649.215
1014,2026-02-11 12:28:09,supabase-kong,RUNNING,102661.16,1649.215
1015,2026-02-11 12:28:09,redis,RUNNING,100327.65,1649.215
1016,2026-02-11 12:28:09,postgres,RUNNING,99393.58,1649.215
1017,2026-02-11 12:28:09,adminer,RUNNING,99313.8,1649.215
1018,2026-02-11 12:28:09,chatwoot_sidekiqV2,RUNNING,100738.18,1649.215
1019,2026-02-11 12:28:09,supabase-storage,RUNNING,102159.22,1649.215
1020,2026-02-11 12:28:09,chatwoot_postgres,RUNNING,101886.65,1649.215
1021,2026-02-11 12:28:09,n8n_postgres,RUNNING,99809.09,1649.215
1022,2026-02-11 12:28:09,supabase-analytics,RUNNING,101256.73,1649.215
1023,2026-02-11 12:28:09,n8n_pgvector,RUNNING,98120.46,1649.215
1024,2026-02-11 12:28:09,chatwoot_redis,RUNNING,98198.57,1649.215
1025,2026-02-11 12:28:09,supabase-meta,RUNNING,98431.26,1649.215
1026,2026-02-11 12:28:09,supabase-studio,RUNNING,99730.98,1649.215
1027,2026-02-11 12:28:09,db_proxy,RUNNING,99739.29,1649.215
1028,2026-02-11 12:27:09,cadvisor,RUNNING,99194.64,1649.215
1029,2026-02-11 12:27:09,waha,RUNNING,99775.15,1649.215
1030,2026-02-11 12:27:09,app_proxy,RUNNING,99153.18,1649.215
1031,2026-02-11 12:27:09,chatwoot_redisV2,RUNNING,98574.32,1649.215
1032,2026-02-11 12:27:09,supabase-rest,RUNNING,101385.66,1649.215
1033,2026-02-11 12:27:09,evolution,RUNNING,98784.96,1649.215
1034,2026-02-11 12:27:09,supabase-imgproxy,RUNNING,100567.97,1649.215
1035,2026-02-11 12:27:09,chatwoot_postgresV2,RUNNING,101075.5,1649.215
1036,2026-02-11 12:27:09,gemini,RUNNING,99911.16,1649.215
1037,2026-02-11 12:27:09,realtime-dev.supabase-realtime,RUNNING,100125.12,1649.215
1038,2026-02-11 12:27:09,n8n,RUNNING,101584.69,1649.215
1039,2026-02-11 12:27:09,supabase-auth,RUNNING,100876.47,1649.215
1040,2026-02-11 12:27:09,supabase-edge-functions,RUNNING,99995.75,1649.215
1041,2026-02-11 12:27:09,n8n_redis,RUNNING,99489.87,1649.215
1042,2026-02-11 12:27:09,supabase-vector,RUNNING,101644.4,1649.215
1043,2026-02-11 12:27:09,chatwoot_sidekiq,RUNNING,99979.16,1649.215
1044,2026-02-11 12:27:09,supabase-db,RUNNING,101755.53,1649.215
1045,2026-02-11 12:27:09,supabase-kong,RUNNING,98358.7,1649.215
1046,2026-02-11 12:27:09,redis,RUNNING,100922.91,1649.215
1047,2026-02-11 12:27:09,postgres,RUNNING,101160.09,1649.215
1048,2026-02-11 12:27:09,adminer,RUNNING,100103.56,1649.215
1049,2026-02-11 12:27:09,chatwoot_sidekiqV2,RUNNING,99030.44,1649.215
1050,2026-02-11 12:27:09,supabase-storage,RUNNING,99370.45,1649.215
1051,2026-02-11 12:27:09,chatwoot_postgres,RUNNING,100131.75,1649.215
1052,2026-02-11 12:27:09,n8n_postgres,RUNNING,97706.87,1649.215
1053,2026-02-11 12:27:09,supabase-analytics,RUNNING,99124.98,1649.215
1054,2026-02-11 12:27:09,n8n_pgvector,RUNNING,100425.33,1649.215
1055,2026-02-11 12:27:09,chatwoot_redis,RUNNING,101709.09,1649.215
1056,2026-02-11 12:27:09,supabase-meta,RUNNING,101501.76,1649.215
1057,2026-02-11 12:27:09,supabase-studio,RUNNING,100529.82,1649.215
1058,2026-02-11 12:27:09,db_proxy,RUNNING,98544.47,1649.215
1059,2026-02-11 12:26:09,cadvisor,RUNNING,99954.5,1649.215
1060,2026-02-11 12:26:09,waha,RUNNING,101929.67,1649.215
1061,2026-02-11 12:26:09,app_proxy,RUNNING,100736.93,1649.215
1062,2026-02-11 12:26:09,chatwoot_redisV2,RUNNING,99280.06,1649.215
1063,2026-02-11 12:26:09,supabase-rest,RUNNING,100668.82,1649.215
1064,2026-02-11 12:26:09,evolution,RUNNING,101358.22,1649.215
1065,2026-02-11 12:26:09,supabase-imgproxy,RUNNING,100092.38,1649.215
1066,2026-02-11 12:26:09,chatwoot_postgresV2,RUNNING,100122.29,1649.215
1067,2026-02-11 12:26:09,gemini,RUNNING,99648.84,1649.215
1068,2026-02-11 12:26:09,realtime-dev.supabase-realtime,RUNNING,99309.96,1649.215
1069,2026-02-11 12:26:09,n8n,RUNNING,101117.35,1649.215
1070,2026-02-11 12:26:09,supabase-auth,RUNNING,99195.34,1649.215
1071,2026-02-11 12:26:09,supabase-edge-functions,RUNNING,101539.29,1649.215
1072,2026-02-11 12:26:09,n8n_redis,RUNNING,101125.65,1649.215
1073,2026-02-11 12:26:09,supabase-vector,RUNNING,100255.18,1649.215
1074,2026-02-11 12:26:09,chatwoot_sidekiq,RUNNING,99260.12,1649.215
1075,2026-02-11 12:26:09,supabase-db,RUNNING,99446.18,1649.215
1076,2026-02-11 12:26:09,supabase-kong,RUNNING,101240.27,1649.215
1077,2026-02-11 12:26:09,redis,RUNNING,98379.69,1649.215
1078,2026-02-11 12:26:09,postgres,RUNNING,100319.97,1649.215
1079,2026-02-11 12:26:09,adminer,RUNNING,102361.59,1649.215
1080,2026-02-11 12:26:09,chatwoot_sidekiqV2,RUNNING,101698.77,1649.215
1081,2026-02-11 12:26:09,supabase-storage,RUNNING,99115.6,1649.215
1082,2026-02-11 12:26:09,chatwoot_postgres,RUNNING,100050.85,1649.215
1083,2026-02-11 12:26:09,n8n_postgres,RUNNING,99932.91,1649.215
1084,2026-02-11 12:26:09,supabase-analytics,RUNNING,101602.42,1649.215
1085,2026-02-11 12:26:09,n8n_pgvector,RUNNING,99858.15,1649.215
1086,2026-02-11 12:26:09,chatwoot_redis,RUNNING,99017.59,1649.215
1087,2026-02-11 12:26:09,supabase-meta,RUNNING,99326.57,1649.215
1088,2026-02-11 12:26:09,supabase-studio,RUNNING,100597.39,1649.215
1089,2026-02-11 12:26:09,db_proxy,RUNNING,99954.5,1649.215
1090,2026-02-11 12:25:09,cadvisor,RUNNING,100354.15,1649.215
1091,2026-02-11 12:25:09,waha,RUNNING,98235.81,1649.215
1092,2026-02-11 12:25:09,app_proxy,RUNNING,101553.15,1649.215
1093,2026-02-11 12:25:09,chatwoot_redisV2,RUNNING,101819.41,1649.215
1094,2026-02-11 12:25:09,supabase-rest,RUNNING,99938.86,1649.215
1095,2026-02-11 12:25:09,evolution,RUNNING,100786.19,1649.215
1096,2026-02-11 12:25:09,supabase-imgproxy,RUNNING,98624.31,1649.215
1097,2026-02-11 12:25:09,chatwoot_postgresV2,RUNNING,99279.07,1649.215
1098,2026-02-11 12:25:09,gemini,RUNNING,101137.86,1649.215
1099,2026-02-11 12:25:09,realtime-dev.supabase-realtime,RUNNING,100900.07,1649.215
1100,2026-02-11 12:25:09,n8n,RUNNING,98004.72,1649.215
1101,2026-02-11 12:25:09,supabase-auth,RUNNING,101650.28,1649.215
1102,2026-02-11 12:25:09,supabase-edge-functions,RUNNING,100255.35,1649.215
1103,2026-02-11 12:25:09,n8n_redis,RUNNING,100272.1,1649.215
1104,2026-02-11 12:25:09,supabase-vector,RUNNING,100345.78,1649.215
1105,2026-02-11 12:25:09,chatwoot_sidekiq,RUNNING,100385.97,1649.215
1106,2026-02-11 12:25:09,supabase-db,RUNNING,100124.74,1649.215
1107,2026-02-11 12:25:09,supabase-kong,RUNNING,98585.8,1649.215
1108,2026-02-11 12:25:09,redis,RUNNING,101152.93,1649.215
1109,2026-02-11 12:25:09,postgres,RUNNING,100037.66,1649.215
1110,2026-02-11 12:25:09,adminer,RUNNING,98468.58,1649.215
1111,2026-02-11 12:25:09,chatwoot_sidekiqV2,RUNNING,98885.55,1649.215
1112,2026-02-11 12:25:09,supabase-storage,RUNNING,100548.4,1649.215
1113,2026-02-11 12:25:09,chatwoot_postgres,RUNNING,97999.7,1649.215
1114,2026-02-11 12:25:09,n8n_postgres,RUNNING,101568.22,1649.215
1115,2026-02-11 12:25:09,supabase-analytics,RUNNING,98920.71,1649.215
1116,2026-02-11 12:25:09,n8n_pgvector,RUNNING,101295.27,1649.215
1117,2026-02-11 12:25:09,chatwoot_redis,RUNNING,100943.61,1649.215
1118,2026-02-11 12:25:09,supabase-meta,RUNNING,100568.5,1649.215
1119,2026-02-11 12:25:09,supabase-studio,RUNNING,99970.67,1649.215
1120,2026-02-11 12:25:09,db_proxy,RUNNING,102561.25,1649.215
1121,2026-02-11 12:24:09,cadvisor,RUNNING,100403.97,1649.215
1122,2026-02-11 12:24:09,waha,RUNNING,101766.97,1649.215
1123,2026-02-11 12:24:09,app_proxy,RUNNING,99282.57,1649.215
1124,2026-02-11 12:24:09,chatwoot_redisV2,RUNNING,98457.77,1649.215
1125,2026-02-11 12:24:09,supabase-rest,RUNNING,99640.82,1649.215
1126,2026-02-11 12:24:09,evolution,RUNNING,99044.3,1649.215
1127,2026-02-11 12:24:09,supabase-imgproxy,RUNNING,100965.5,1649.215
1128,2026-02-11 12:24:09,chatwoot_postgresV2,RUNNING,100074.05,1649.215
1129,2026-02-11 12:24:09,gemini,RUNNING,100140.7,1649.215
1130,2026-02-11 12:24:09,realtime-dev.supabase-realtime,RUNNING,100125.7,1649.215
1131,2026-02-11 12:24:09,n8n,RUNNING,100375.64,1649.215
1132,2026-02-11 12:24:09,supabase-auth,RUNNING,99425.87,1649.215
1133,2026-02-11 12:24:09,supabase-edge-functions,RUNNING,100397.3,1649.215
1134,2026-02-11 12:24:09,n8n_redis,RUNNING,99190.93,1649.215
1135,2026-02-11 12:24:09,supabase-vector,RUNNING,99217.59,1649.215
1136,2026-02-11 12:24:09,chatwoot_sidekiq,RUNNING,102090.23,1649.215
1137,2026-02-11 12:24:09,supabase-db,RUNNING,101307.08,1649.215
1138,2026-02-11 12:24:09,supabase-kong,RUNNING,100092.38,1649.215
1139,2026-02-11 12:24:09,redis,RUNNING,101110.46,1649.215
1140,2026-02-11 12:24:09,postgres,RUNNING,99599.16,1649.215
1141,2026-02-11 12:24:09,adminer,RUNNING,101075.47,1649.215
1142,2026-02-11 12:24:09,chatwoot_sidekiqV2,RUNNING,100120.7,1649.215
1143,2026-02-11 12:24:09,supabase-storage,RUNNING,101127.13,1649.215
1144,2026-02-11 12:24:09,chatwoot_postgres,RUNNING,101223.77,1649.215
1145,2026-02-11 12:24:09,n8n_postgres,RUNNING,98957.65,1649.215
1146,2026-02-11 12:24:09,supabase-analytics,RUNNING,100285.66,1649.215
1147,2026-02-11 12:24:09,n8n_pgvector,RUNNING,98042.87,1649.215
1148,2026-02-11 12:24:09,chatwoot_redis,RUNNING,99134.28,1649.215
1149,2026-02-11 12:24:09,supabase-meta,RUNNING,100658.91,1649.215
1150,2026-02-11 12:24:09,supabase-studio,RUNNING,100870.52,1649.215
1151,2026-02-11 12:24:09,db_proxy,RUNNING,98889.34,1649.215
1152,2026-02-11 12:23:09,cadvisor,RUNNING,99009.05,1649.215
1153,2026-02-11 12:23:09,waha,RUNNING,99210.66,1649.215
1154,2026-02-11 12:23:09,app_proxy,RUNNING,98759.13,1649.215
1155,2026-02-11 12:23:09,chatwoot_redisV2,RUNNING,99818.8,1649.215
1156,2026-02-11 12:23:09,supabase-rest,RUNNING,100690.19,1649.215
1157,2026-02-11 12:23:09,evolution,RUNNING,100818.49,1649.215
1158,2026-02-11 12:23:09,supabase-imgproxy,RUNNING,97897.73,1649.215
1159,2026-02-11 12:23:09,chatwoot_postgresV2,RUNNING,100210.34,1649.215
1160,2026-02-11 12:23:09,gemini,RUNNING,98457.56,1649.215
1161,2026-02-11 12:23:09,realtime-dev.supabase-realtime,RUNNING,98121,1649.215
1162,2026-02-11 12:23:09,n8n,RUNNING,99015.72,1649.215
1163,2026-02-11 12:23:09,supabase-auth,RUNNING,99902.11,1649.215
1164,2026-02-11 12:23:09,supabase-edge-functions,RUNNING,98452.56,1649.215
1165,2026-02-11 12:23:09,n8n_redis,RUNNING,100391.95,1649.215
1166,2026-02-11 12:23:09,supabase-vector,RUNNING,99808.8,1649.215
1167,2026-02-11 12:23:09,chatwoot_sidekiq,RUNNING,97426.21,1649.215
1168,2026-02-11 12:23:09,supabase-db,RUNNING,98674.16,1649.215
1169,2026-02-11 12:23:09,supabase-kong,RUNNING,100996.77,1649.215
1170,2026-02-11 12:23:09,redis,RUNNING,98372.59,1649.215
1171,2026-02-11 12:23:09,postgres,RUNNING,100132.04,1649.215
1172,2026-02-11 12:23:09,adminer,RUNNING,100536.91,1649.215
1173,2026-02-11 12:23:09,chatwoot_sidekiqV2,RUNNING,100778.5,1649.215
1174,2026-02-11 12:23:09,supabase-storage,RUNNING,97824.42,1649.215
1175,2026-02-11 12:23:09,chatwoot_postgres,RUNNING,99064.04,1649.215
1176,2026-02-11 12:23:09,n8n_postgres,RUNNING,101218.36,1649.215
1177,2026-02-11 12:23:09,supabase-analytics,RUNNING,98862.43,1649.215
1178,2026-02-11 12:23:09,n8n_pgvector,RUNNING,100212.01,1649.215
1179,2026-02-11 12:23:09,chatwoot_redis,RUNNING,100635.21,1649.215
1180,2026-02-11 12:23:09,supabase-meta,RUNNING,100436.94,1649.215
1181,2026-02-11 12:23:09,supabase-studio,RUNNING,100263.66,1649.215
1182,2026-02-11 12:23:09,db_proxy,RUNNING,100626.88,1649.215
1183,2026-02-11 12:22:09,cadvisor,RUNNING,102669.59,1649.214
1184,2026-02-11 12:22:09,waha,RUNNING,103210.27,1649.214
1185,2026-02-11 12:22:09,app_proxy,RUNNING,102740.55,1649.214
1186,2026-02-11 12:22:09,chatwoot_redisV2,RUNNING,102590.17,1649.214
1187,2026-02-11 12:22:09,supabase-rest,RUNNING,100838.01,1649.214
1188,2026-02-11 12:22:09,evolution,RUNNING,99067.26,1649.214
1189,2026-02-11 12:22:09,supabase-imgproxy,RUNNING,102301.24,1649.214
1190,2026-02-11 12:22:09,chatwoot_postgresV2,RUNNING,101872.07,1649.214
1191,2026-02-11 12:22:09,gemini,RUNNING,102257.31,1649.214
1192,2026-02-11 12:22:09,realtime-dev.supabase-realtime,RUNNING,102806.45,1649.214
1193,2026-02-11 12:22:09,n8n,RUNNING,101980.21,1649.214
1194,2026-02-11 12:22:09,supabase-auth,RUNNING,102150.87,1649.214
1195,2026-02-11 12:22:09,supabase-edge-functions,RUNNING,102331.66,1649.214
1196,2026-02-11 12:22:09,n8n_redis,RUNNING,99305.5,1649.214
1197,2026-02-11 12:22:09,supabase-vector,RUNNING,101072.87,1649.214
1198,2026-02-11 12:22:09,chatwoot_sidekiq,RUNNING,103421.48,1649.214
1199,2026-02-11 12:22:09,supabase-db,RUNNING,101917.69,1649.214
1200,2026-02-11 12:22:09,supabase-kong,RUNNING,100305.77,1649.214
1201,2026-02-11 12:22:09,redis,RUNNING,102350.24,1649.214
1202,2026-02-11 12:22:09,postgres,RUNNING,100371.67,1649.214
1203,2026-02-11 12:22:09,adminer,RUNNING,98761.44,1649.214
1204,2026-02-11 12:22:09,chatwoot_sidekiqV2,RUNNING,100172.29,1649.214
1205,2026-02-11 12:22:09,supabase-storage,RUNNING,102189.73,1649.214
1206,2026-02-11 12:22:09,chatwoot_postgres,RUNNING,102326.59,1649.214
1207,2026-02-11 12:22:09,n8n_postgres,RUNNING,100155.39,1649.214
1208,2026-02-11 12:22:09,supabase-analytics,RUNNING,103213.65,1649.214
1209,2026-02-11 12:22:09,n8n_pgvector,RUNNING,100545.7,1649.214
1210,2026-02-11 12:22:09,chatwoot_redis,RUNNING,99592.74,1649.214
1211,2026-02-11 12:22:09,supabase-meta,RUNNING,99151.75,1649.214
1212,2026-02-11 12:22:09,supabase-studio,RUNNING,100395.32,1649.214
1213,2026-02-11 12:22:09,db_proxy,RUNNING,101481.77,1649.214
1214,2026-02-11 12:21:10,cadvisor,RUNNING,97967.59,1649.214
1215,2026-02-11 12:21:10,waha,RUNNING,96119.43,1649.214
1216,2026-02-11 12:21:10,app_proxy,RUNNING,97238.88,1649.214
1217,2026-02-11 12:21:10,chatwoot_redisV2,RUNNING,96907.49,1649.214
1218,2026-02-11 12:21:10,supabase-rest,RUNNING,98897.44,1649.214
1219,2026-02-11 12:21:10,evolution,RUNNING,101208.89,1649.214
1220,2026-02-11 12:21:10,supabase-imgproxy,RUNNING,97641.15,1649.214
1221,2026-02-11 12:21:10,chatwoot_postgresV2,RUNNING,96661.84,1649.214
1222,2026-02-11 12:21:10,gemini,RUNNING,98147.3,1649.214
1223,2026-02-11 12:21:10,realtime-dev.supabase-realtime,RUNNING,97365.83,1649.214
1224,2026-02-11 12:21:10,supabase-pooler,RUNNING,99894.88,1649.214
1225,2026-02-11 12:21:10,n8n,RUNNING,98089.59,1649.214
1226,2026-02-11 12:21:10,supabase-auth,RUNNING,97019.6,1649.214
1227,2026-02-11 12:21:10,supabase-edge-functions,RUNNING,97228.99,1649.214
1228,2026-02-11 12:21:10,n8n_redis,RUNNING,99088.69,1649.214
1229,2026-02-11 12:21:10,supabase-vector,RUNNING,99678.92,1649.214
1230,2026-02-11 12:21:10,chatwoot_sidekiq,RUNNING,98694.66,1649.214
1231,2026-02-11 12:21:10,supabase-db,RUNNING,97220.74,1649.214
1232,2026-02-11 12:21:10,supabase-kong,RUNNING,98864.47,1649.214
1233,2026-02-11 12:21:10,redis,RUNNING,98046.73,1649.214
1234,2026-02-11 12:21:10,postgres,RUNNING,98397.9,1649.214
1235,2026-02-11 12:21:10,adminer,RUNNING,100696.15,1649.214
1236,2026-02-11 12:21:10,chatwoot_sidekiqV2,RUNNING,99207.4,1649.214
1237,2026-02-11 12:21:10,supabase-storage,RUNNING,99520.64,1649.214
1238,2026-02-11 12:21:10,chatwoot_postgres,RUNNING,98112.68,1649.214
1239,2026-02-11 12:21:10,n8n_postgres,RUNNING,100636.8,1649.214
1240,2026-02-11 12:21:10,supabase-analytics,RUNNING,97496.07,1649.214
1241,2026-02-11 12:21:10,n8n_pgvector,RUNNING,99105.18,1649.214
1242,2026-02-11 12:21:10,chatwoot_redis,RUNNING,99456.35,1649.214
1243,2026-02-11 12:21:10,supabase-meta,RUNNING,100745.61,1649.214
1244,2026-02-11 12:21:10,supabase-studio,RUNNING,98668.28,1649.214
1245,2026-02-11 12:21:10,db_proxy,RUNNING,97806.02,1649.214
1246,2026-02-11 12:20:09,cadvisor,RUNNING,99973.39,1649.214
1247,2026-02-11 12:20:09,waha,RUNNING,100816.08,1649.214
1248,2026-02-11 12:20:09,app_proxy,RUNNING,102187.75,1649.214
1249,2026-02-11 12:20:09,chatwoot_redisV2,RUNNING,101650.43,1649.214
1250,2026-02-11 12:20:09,supabase-rest,RUNNING,97795.74,1649.214
1251,2026-02-11 12:20:09,evolution,RUNNING,97827.44,1649.214
1252,2026-02-11 12:20:09,supabase-imgproxy,RUNNING,100740.99,1649.214
1253,2026-02-11 12:20:09,chatwoot_postgresV2,RUNNING,100555.76,1649.214
1254,2026-02-11 12:20:09,gemini,RUNNING,99794.84,1649.214
1255,2026-02-11 12:20:09,realtime-dev.supabase-realtime,RUNNING,99686.37,1649.214
1256,2026-02-11 12:20:09,n8n,RUNNING,102728.41,1649.214
1257,2026-02-11 12:20:09,supabase-auth,RUNNING,101308.35,1649.214
1258,2026-02-11 12:20:09,supabase-edge-functions,RUNNING,100297.12,1649.214
1259,2026-02-11 12:20:09,n8n_redis,RUNNING,102434.72,1649.214
1260,2026-02-11 12:20:09,supabase-vector,RUNNING,100280.43,1649.214
1261,2026-02-11 12:20:09,chatwoot_sidekiq,RUNNING,98635.09,1649.214
1262,2026-02-11 12:20:09,supabase-db,RUNNING,100956.25,1649.214
1263,2026-02-11 12:20:09,supabase-kong,RUNNING,100997.97,1649.214
1264,2026-02-11 12:20:09,redis,RUNNING,100327.15,1649.214
1265,2026-02-11 12:20:09,postgres,RUNNING,101692.15,1649.214
1266,2026-02-11 12:20:09,adminer,RUNNING,98408.15,1649.214
1267,2026-02-11 12:20:09,chatwoot_sidekiqV2,RUNNING,101091.42,1649.214
1268,2026-02-11 12:20:09,supabase-storage,RUNNING,98129.48,1649.214
1269,2026-02-11 12:20:09,chatwoot_postgres,RUNNING,99579.58,1649.214
1270,2026-02-11 12:20:09,n8n_postgres,RUNNING,98713.52,1649.214
1271,2026-02-11 12:20:09,supabase-analytics,RUNNING,100517.38,1649.214
1272,2026-02-11 12:20:09,n8n_pgvector,RUNNING,100665.9,1649.214
1273,2026-02-11 12:20:09,chatwoot_redis,RUNNING,99262.52,1649.214
1274,2026-02-11 12:20:09,supabase-meta,RUNNING,98957.15,1649.214
1275,2026-02-11 12:20:09,supabase-studio,RUNNING,99093.98,1649.214
1276,2026-02-11 12:20:09,db_proxy,RUNNING,100881.16,1649.214
1277,2026-02-11 12:19:09,cadvisor,RUNNING,99174.02,1649.214
1278,2026-02-11 12:19:09,waha,RUNNING,100903.72,1649.214
1279,2026-02-11 12:19:09,app_proxy,RUNNING,99212.2,1649.214
1280,2026-02-11 12:19:09,chatwoot_redisV2,RUNNING,99144.14,1649.214
1281,2026-02-11 12:19:09,supabase-rest,RUNNING,101122.84,1649.214
1282,2026-02-11 12:19:09,evolution,RUNNING,100194.91,1649.214
1283,2026-02-11 12:19:09,supabase-imgproxy,RUNNING,99056.16,1649.214
1284,2026-02-11 12:19:09,chatwoot_postgresV2,RUNNING,100135.15,1649.214
1285,2026-02-11 12:19:09,gemini,RUNNING,100101.95,1649.214
1286,2026-02-11 12:19:09,realtime-dev.supabase-realtime,RUNNING,102241.67,1649.214
1287,2026-02-11 12:19:09,n8n,RUNNING,97890.85,1649.214
1288,2026-02-11 12:19:09,supabase-auth,RUNNING,99001.38,1649.214
1289,2026-02-11 12:19:09,supabase-edge-functions,RUNNING,100457.19,1649.214
1290,2026-02-11 12:19:09,n8n_redis,RUNNING,97359.66,1649.214
1291,2026-02-11 12:19:09,supabase-vector,RUNNING,97870.93,1649.214
1292,2026-02-11 12:19:09,chatwoot_sidekiq,RUNNING,100377.51,1649.214
1293,2026-02-11 12:19:09,supabase-db,RUNNING,99165.72,1649.214
1294,2026-02-11 12:19:09,supabase-kong,RUNNING,99177.34,1649.214
1295,2026-02-11 12:19:09,redis,RUNNING,99957.53,1649.214
1296,2026-02-11 12:19:09,postgres,RUNNING,98896.8,1649.214
1297,2026-02-11 12:19:09,adminer,RUNNING,100882.14,1649.214
1298,2026-02-11 12:19:09,chatwoot_sidekiqV2,RUNNING,99544.2,1649.214
1299,2026-02-11 12:19:09,supabase-storage,RUNNING,100158.39,1649.214
1300,2026-02-11 12:19:09,chatwoot_postgres,RUNNING,100327.71,1649.214
1301,2026-02-11 12:19:09,n8n_postgres,RUNNING,99542.54,1649.214
1302,2026-02-11 12:19:09,supabase-analytics,RUNNING,98787.24,1649.214
1303,2026-02-11 12:19:09,n8n_pgvector,RUNNING,99022.96,1649.214
1304,2026-02-11 12:19:09,chatwoot_redis,RUNNING,99733.43,1649.214
1305,2026-02-11 12:19:09,supabase-meta,RUNNING,100790.84,1649.214
1306,2026-02-11 12:19:09,supabase-studio,RUNNING,101816.71,1649.214
1307,2026-02-11 12:19:09,db_proxy,RUNNING,98524.97,1649.214
1308,2026-02-11 12:18:09,cadvisor,RUNNING,100626.18,1649.214
1309,2026-02-11 12:18:09,waha,RUNNING,98062.87,1649.214
1310,2026-02-11 12:18:09,app_proxy,RUNNING,98669.93,1649.214
1311,2026-02-11 12:18:09,chatwoot_redisV2,RUNNING,100944.72,1649.214
1312,2026-02-11 12:18:09,supabase-rest,RUNNING,99040.16,1649.214
1313,2026-02-11 12:18:09,evolution,RUNNING,100516.11,1649.214
1314,2026-02-11 12:18:09,supabase-imgproxy,RUNNING,99865.69,1649.214
1315,2026-02-11 12:18:09,chatwoot_postgresV2,RUNNING,100994.75,1649.214
1316,2026-02-11 12:18:09,gemini,RUNNING,100629.52,1649.214
1317,2026-02-11 12:18:09,realtime-dev.supabase-realtime,RUNNING,98296.35,1649.214
1318,2026-02-11 12:18:09,n8n,RUNNING,101688.53,1649.214
1319,2026-02-11 12:18:09,supabase-auth,RUNNING,100554.47,1649.214
1320,2026-02-11 12:18:09,supabase-edge-functions,RUNNING,100817.97,1649.214
1321,2026-02-11 12:18:09,n8n_redis,RUNNING,102542.41,1649.214
1322,2026-02-11 12:18:09,supabase-vector,RUNNING,100619.51,1649.214
1323,2026-02-11 12:18:09,chatwoot_sidekiq,RUNNING,99228.62,1649.214
1324,2026-02-11 12:18:09,supabase-db,RUNNING,99515.47,1649.214
1325,2026-02-11 12:18:09,supabase-kong,RUNNING,100235.93,1649.214
1326,2026-02-11 12:18:09,redis,RUNNING,98599.88,1649.214
1327,2026-02-11 12:18:09,rabbitmq,RUNNING,99992.98,1649.214
1328,2026-02-11 12:18:09,postgres,RUNNING,100476.08,1649.214
1329,2026-02-11 12:18:09,adminer,RUNNING,101341.64,1649.214
1330,2026-02-11 12:18:09,chatwoot_sidekiqV2,RUNNING,99612.2,1649.214
1331,2026-02-11 12:18:09,supabase-storage,RUNNING,101685.19,1649.214
1332,2026-02-11 12:18:09,chatwoot_postgres,RUNNING,100456.07,1649.214
1333,2026-02-11 12:18:09,n8n_postgres,RUNNING,100422.72,1649.214
1334,2026-02-11 12:18:09,supabase-analytics,RUNNING,101480.06,1649.214
1335,2026-02-11 12:18:09,n8n_pgvector,RUNNING,100307.64,1649.214
1336,2026-02-11 12:18:09,chatwoot_redis,RUNNING,100474.42,1649.214
1337,2026-02-11 12:18:09,supabase-meta,RUNNING,99110.21,1649.214
1338,2026-02-11 12:18:09,supabase-studio,RUNNING,99180.25,1649.214
1339,2026-02-11 12:18:09,db_proxy,RUNNING,100986.41,1649.214
1340,2026-02-11 12:17:09,cadvisor,RUNNING,102114.25,1649.214
1341,2026-02-11 12:17:09,waha,RUNNING,100887.26,1649.214
1342,2026-02-11 12:17:09,app_proxy,RUNNING,99640.23,1649.214
1343,2026-02-11 12:17:09,chatwoot_redisV2,RUNNING,97797.23,1649.214
1344,2026-02-11 12:17:09,supabase-rest,RUNNING,102054.15,1649.214
1345,2026-02-11 12:17:09,evolution,RUNNING,99506.68,1649.214
1346,2026-02-11 12:17:09,supabase-imgproxy,RUNNING,101414.78,1649.214
1347,2026-02-11 12:17:09,chatwoot_postgresV2,RUNNING,98293.04,1649.214
1348,2026-02-11 12:17:09,gemini,RUNNING,99484.98,1649.214
1349,2026-02-11 12:17:09,realtime-dev.supabase-realtime,RUNNING,99960.75,1649.214
1350,2026-02-11 12:17:09,n8n,RUNNING,97677.04,1649.214
1351,2026-02-11 12:17:09,supabase-auth,RUNNING,100765.39,1649.214
1352,2026-02-11 12:17:09,supabase-edge-functions,RUNNING,99939.05,1649.214
1353,2026-02-11 12:17:09,n8n_redis,RUNNING,97912.42,1649.214
1354,2026-02-11 12:17:09,supabase-vector,RUNNING,101371.38,1649.214
1355,2026-02-11 12:17:09,chatwoot_sidekiq,RUNNING,101211.11,1649.214
1356,2026-02-11 12:17:09,supabase-db,RUNNING,99583.47,1649.214
1357,2026-02-11 12:17:09,supabase-kong,RUNNING,98905.7,1649.214
1358,2026-02-11 12:17:09,redis,RUNNING,102114.25,1649.214
1359,2026-02-11 12:17:09,postgres,RUNNING,100977.4,1649.214
1360,2026-02-11 12:17:09,adminer,RUNNING,97668.69,1649.214
1361,2026-02-11 12:17:09,chatwoot_sidekiqV2,RUNNING,98466.66,1649.214
1362,2026-02-11 12:17:09,supabase-storage,RUNNING,99561.77,1649.214
1363,2026-02-11 12:17:09,chatwoot_postgres,RUNNING,98279.69,1649.214
1364,2026-02-11 12:17:09,n8n_postgres,RUNNING,100459.89,1649.214
1365,2026-02-11 12:17:09,supabase-analytics,RUNNING,99708.67,1649.214
1366,2026-02-11 12:17:09,n8n_pgvector,RUNNING,101261.2,1649.214
1367,2026-02-11 12:17:09,chatwoot_redis,RUNNING,99969.1,1649.214
1368,2026-02-11 12:17:09,supabase-meta,RUNNING,100504.97,1649.214
1369,2026-02-11 12:17:09,supabase-studio,RUNNING,100107.66,1649.214
1370,2026-02-11 12:17:09,db_proxy,RUNNING,100793.77,1649.214
1371,2026-02-11 12:16:09,cadvisor,RUNNING,98894.27,1649.214
1372,2026-02-11 12:16:09,waha,RUNNING,100588.78,1649.214
1373,2026-02-11 12:16:09,app_proxy,RUNNING,102498.65,1649.214
1374,2026-02-11 12:16:09,chatwoot_redisV2,RUNNING,101336.7,1649.214
1375,2026-02-11 12:16:09,supabase-rest,RUNNING,99340.02,1649.214
1376,2026-02-11 12:16:09,evolution,RUNNING,100301.63,1649.214
1377,2026-02-11 12:16:09,supabase-imgproxy,RUNNING,100495.29,1649.214
1378,2026-02-11 12:16:09,chatwoot_postgresV2,RUNNING,100086.27,1649.214
1379,2026-02-11 12:16:09,gemini,RUNNING,100822.5,1649.214
1380,2026-02-11 12:16:09,realtime-dev.supabase-realtime,RUNNING,100109.64,1649.214
1381,2026-02-11 12:16:09,n8n,RUNNING,99762.39,1649.214
1382,2026-02-11 12:16:09,supabase-auth,RUNNING,99794.11,1649.214
1383,2026-02-11 12:16:09,supabase-edge-functions,RUNNING,100314.99,1649.214
1384,2026-02-11 12:16:09,n8n_redis,RUNNING,100807.48,1649.214
1385,2026-02-11 12:16:09,supabase-vector,RUNNING,99311.63,1649.214
1386,2026-02-11 12:16:09,chatwoot_sidekiq,RUNNING,98298.27,1649.214
1387,2026-02-11 12:16:09,supabase-db,RUNNING,100592.12,1649.214
1388,2026-02-11 12:16:09,supabase-kong,RUNNING,100463.57,1649.214
1389,2026-02-11 12:16:09,redis,RUNNING,98183.07,1649.214
1390,2026-02-11 12:16:09,postgres,RUNNING,99587.1,1649.214
1391,2026-02-11 12:16:09,adminer,RUNNING,101423.51,1649.214
1392,2026-02-11 12:16:09,chatwoot_sidekiqV2,RUNNING,99927.67,1649.214
1393,2026-02-11 12:16:09,supabase-storage,RUNNING,99954.38,1649.214
1394,2026-02-11 12:16:09,chatwoot_postgres,RUNNING,100351.71,1649.214
1395,2026-02-11 12:16:09,n8n_postgres,RUNNING,99869.24,1649.214
1396,2026-02-11 12:16:09,supabase-analytics,RUNNING,98590.42,1649.214
1397,2026-02-11 12:16:09,n8n_pgvector,RUNNING,99291.6,1649.214
1398,2026-02-11 12:16:09,chatwoot_redis,RUNNING,101365.08,1649.214
1399,2026-02-11 12:16:09,supabase-meta,RUNNING,98037.83,1649.214
1400,2026-02-11 12:16:09,supabase-studio,RUNNING,99411.8,1649.214
1401,2026-02-11 12:16:09,db_proxy,RUNNING,99253.2,1649.214
1402,2026-02-11 12:15:09,cadvisor,RUNNING,101009.47,1649.214
1403,2026-02-11 12:15:09,waha,RUNNING,101522.48,1649.214
1404,2026-02-11 12:15:09,app_proxy,RUNNING,98700.09,1649.214
1405,2026-02-11 12:15:09,chatwoot_redisV2,RUNNING,100758.81,1649.214
1406,2026-02-11 12:15:09,supabase-rest,RUNNING,100299.28,1649.214
1407,2026-02-11 12:15:09,evolution,RUNNING,100787.22,1649.214
1408,2026-02-11 12:15:09,supabase-imgproxy,RUNNING,100361.1,1649.214
1409,2026-02-11 12:15:09,chatwoot_postgresV2,RUNNING,99899.9,1649.214
1410,2026-02-11 12:15:09,gemini,RUNNING,100673.59,1649.214
1411,2026-02-11 12:15:09,realtime-dev.supabase-realtime,RUNNING,100713.69,1649.214
1412,2026-02-11 12:15:09,n8n,RUNNING,101866.71,1649.214
1413,2026-02-11 12:15:09,supabase-auth,RUNNING,98741.86,1649.214
1414,2026-02-11 12:15:09,supabase-edge-functions,RUNNING,100105.43,1649.214
1415,2026-02-11 12:15:09,n8n_redis,RUNNING,98649.96,1649.214
1416,2026-02-11 12:15:09,supabase-vector,RUNNING,99647.57,1649.214
1417,2026-02-11 12:15:09,chatwoot_sidekiq,RUNNING,101490.73,1649.214
1418,2026-02-11 12:15:09,supabase-db,RUNNING,99761.2,1649.214
1419,2026-02-11 12:15:09,supabase-kong,RUNNING,99615.82,1649.214
1420,2026-02-11 12:15:09,redis,RUNNING,101114.74,1649.214
1421,2026-02-11 12:15:09,postgres,RUNNING,98426.04,1649.214
1422,2026-02-11 12:15:09,adminer,RUNNING,98345.83,1649.214
1423,2026-02-11 12:15:09,chatwoot_sidekiqV2,RUNNING,102581.92,1649.214
1424,2026-02-11 12:15:09,supabase-storage,RUNNING,100147.21,1649.214
1425,2026-02-11 12:15:09,chatwoot_postgres,RUNNING,101510.78,1649.214
1426,2026-02-11 12:15:09,n8n_postgres,RUNNING,100984.4,1649.214
1427,2026-02-11 12:15:09,supabase-analytics,RUNNING,101093.02,1649.214
1428,2026-02-11 12:15:09,n8n_pgvector,RUNNING,99064.38,1649.214
1429,2026-02-11 12:15:09,chatwoot_redis,RUNNING,99787.94,1649.214
1430,2026-02-11 12:15:09,supabase-meta,RUNNING,102670.48,1649.214
1431,2026-02-11 12:15:09,supabase-studio,RUNNING,98908.97,1649.214
1432,2026-02-11 12:15:09,db_proxy,RUNNING,99346.78,1649.214
1433,2026-02-11 12:14:09,cadvisor,RUNNING,97512.73,1649.214
1434,2026-02-11 12:14:09,waha,RUNNING,97747.42,1649.214
1435,2026-02-11 12:14:09,app_proxy,RUNNING,101082.74,1649.214
1436,2026-02-11 12:14:09,chatwoot_redisV2,RUNNING,99239.89,1649.214
1437,2026-02-11 12:14:09,supabase-rest,RUNNING,100808.38,1649.214
1438,2026-02-11 12:14:09,evolution,RUNNING,99993.56,1649.214
1439,2026-02-11 12:14:09,supabase-imgproxy,RUNNING,99879.51,1649.214
1440,2026-02-11 12:14:09,chatwoot_postgresV2,RUNNING,99580.36,1649.214
1441,2026-02-11 12:14:09,gemini,RUNNING,99163.86,1649.214
1442,2026-02-11 12:14:09,realtime-dev.supabase-realtime,RUNNING,101089.35,1649.214
1443,2026-02-11 12:14:09,n8n,RUNNING,98347.38,1649.214
1444,2026-02-11 12:14:09,supabase-auth,RUNNING,99507.64,1649.214
1445,2026-02-11 12:14:09,supabase-edge-functions,RUNNING,97735.85,1649.214
1446,2026-02-11 12:14:09,n8n_redis,RUNNING,99729.11,1649.214
1447,2026-02-11 12:14:09,supabase-vector,RUNNING,99606.81,1649.214
1448,2026-02-11 12:14:09,chatwoot_sidekiq,RUNNING,101191.83,1649.214
1449,2026-02-11 12:14:09,supabase-db,RUNNING,101238.11,1649.214
1450,2026-02-11 12:14:09,supabase-kong,RUNNING,100157.18,1649.214
1451,2026-02-11 12:14:09,redis,RUNNING,98869.66,1649.214
1452,2026-02-11 12:14:09,postgres,RUNNING,101681.05,1649.214
1453,2026-02-11 12:14:09,adminer,RUNNING,101006.72,1649.214
1454,2026-02-11 12:14:09,chatwoot_sidekiqV2,RUNNING,99153.94,1649.214
1455,2026-02-11 12:14:09,supabase-storage,RUNNING,97770.56,1649.214
1456,2026-02-11 12:14:09,chatwoot_postgres,RUNNING,100892.67,1649.214
1457,2026-02-11 12:14:09,n8n_postgres,RUNNING,98985.36,1649.214
1458,2026-02-11 12:14:09,supabase-analytics,RUNNING,100233.21,1649.214
1459,2026-02-11 12:14:09,n8n_pgvector,RUNNING,100806.73,1649.214
1460,2026-02-11 12:14:09,chatwoot_redis,RUNNING,98861.4,1649.214
1461,2026-02-11 12:14:09,supabase-meta,RUNNING,98154.01,1649.214
1462,2026-02-11 12:14:09,supabase-studio,RUNNING,102300.85,1649.214
1463,2026-02-11 12:14:09,db_proxy,RUNNING,99595.24,1649.214
1464,2026-02-11 12:13:09,cadvisor,RUNNING,99828.81,1649.214
1465,2026-02-11 12:13:09,waha,RUNNING,99629.57,1649.214
1466,2026-02-11 12:13:09,app_proxy,RUNNING,98293.48,1649.214
1467,2026-02-11 12:13:09,chatwoot_redisV2,RUNNING,99644.64,1649.214
1468,2026-02-11 12:13:09,supabase-rest,RUNNING,97908.39,1649.214
1469,2026-02-11 12:13:09,evolution,RUNNING,99966.11,1649.214
1470,2026-02-11 12:13:09,supabase-imgproxy,RUNNING,98437.47,1649.214
1471,2026-02-11 12:13:09,chatwoot_postgresV2,RUNNING,101158.21,1649.214
1472,2026-02-11 12:13:09,gemini,RUNNING,101014.22,1649.214
1473,2026-02-11 12:13:09,realtime-dev.supabase-realtime,RUNNING,98941.43,1649.214
1474,2026-02-11 12:13:09,n8n,RUNNING,100451.66,1649.214
1475,2026-02-11 12:13:09,supabase-auth,RUNNING,100361.24,1649.214
1476,2026-02-11 12:13:09,supabase-edge-functions,RUNNING,101213.46,1649.214
1477,2026-02-11 12:13:09,n8n_redis,RUNNING,100178.74,1649.214
1478,2026-02-11 12:13:09,supabase-vector,RUNNING,100940.55,1649.214
1479,2026-02-11 12:13:09,chatwoot_sidekiq,RUNNING,98236.55,1649.214
1480,2026-02-11 12:13:09,supabase-db,RUNNING,98767.3,1649.214
1481,2026-02-11 12:13:09,supabase-kong,RUNNING,99818.77,1649.214
1482,2026-02-11 12:13:09,redis,RUNNING,100816.65,1649.214
1483,2026-02-11 12:13:09,postgres,RUNNING,99003.38,1649.214
1484,2026-02-11 12:13:09,adminer,RUNNING,101243.6,1649.214
1485,2026-02-11 12:13:09,chatwoot_sidekiqV2,RUNNING,98911.29,1649.214
1486,2026-02-11 12:13:09,supabase-storage,RUNNING,100985.76,1649.214
1487,2026-02-11 12:13:09,chatwoot_postgres,RUNNING,97314.01,1649.214
1488,2026-02-11 12:13:09,n8n_postgres,RUNNING,100249.06,1649.214
1489,2026-02-11 12:13:09,supabase-analytics,RUNNING,98355.42,1649.214
1490,2026-02-11 12:13:09,n8n_pgvector,RUNNING,100322.73,1649.214
1491,2026-02-11 12:13:09,chatwoot_redis,RUNNING,99167.46,1649.214
1492,2026-02-11 12:13:09,supabase-meta,RUNNING,100130.19,1649.214
1493,2026-02-11 12:13:09,supabase-studio,RUNNING,99728.36,1649.214
1494,2026-02-11 12:13:09,db_proxy,RUNNING,99289.69,1649.214
1495,2026-02-11 12:12:09,cadvisor,RUNNING,101627.74,1649.214
1496,2026-02-11 12:12:09,waha,RUNNING,99323.63,1649.214
1497,2026-02-11 12:12:09,app_proxy,RUNNING,99745.56,1649.214
1498,2026-02-11 12:12:09,chatwoot_redisV2,RUNNING,100732.8,1649.214
1499,2026-02-11 12:12:09,supabase-rest,RUNNING,100432.83,1649.214
1500,2026-02-11 12:12:09,evolution,RUNNING,99167.06,1649.214
1501,2026-02-11 12:12:09,supabase-imgproxy,RUNNING,99641.73,1649.214
1502,2026-02-11 12:12:09,chatwoot_postgresV2,RUNNING,99160.47,1649.214
1503,2026-02-11 12:12:09,gemini,RUNNING,98499.56,1649.214
1504,2026-02-11 12:12:09,realtime-dev.supabase-realtime,RUNNING,100004.32,1649.214
1505,2026-02-11 12:12:09,n8n,RUNNING,101214.05,1649.214
1506,2026-02-11 12:12:09,supabase-auth,RUNNING,101131.65,1649.214
1507,2026-02-11 12:12:09,supabase-edge-functions,RUNNING,99290.67,1649.214
1508,2026-02-11 12:12:09,n8n_redis,RUNNING,99916.97,1649.214
1509,2026-02-11 12:12:09,supabase-vector,RUNNING,98608.34,1649.214
1510,2026-02-11 12:12:09,chatwoot_sidekiq,RUNNING,98758.32,1649.214
1511,2026-02-11 12:12:09,supabase-db,RUNNING,99621.95,1649.214
1512,2026-02-11 12:12:09,supabase-kong,RUNNING,100027.39,1649.214
1513,2026-02-11 12:12:09,redis,RUNNING,100048.82,1649.214
1514,2026-02-11 12:12:09,postgres,RUNNING,99373.08,1649.214
1515,2026-02-11 12:12:09,adminer,RUNNING,98148.51,1649.214
1516,2026-02-11 12:12:09,chatwoot_sidekiqV2,RUNNING,99366.49,1649.214
1517,2026-02-11 12:12:09,supabase-storage,RUNNING,100895.96,1649.214
1518,2026-02-11 12:12:09,chatwoot_postgres,RUNNING,101975.49,1649.214
1519,2026-02-11 12:12:09,n8n_postgres,RUNNING,99989.48,1649.214
1520,2026-02-11 12:12:09,supabase-analytics,RUNNING,99951.58,1649.214
1521,2026-02-11 12:12:09,n8n_pgvector,RUNNING,100716.31,1649.214
1522,2026-02-11 12:12:09,chatwoot_redis,RUNNING,102773.2,1649.214
1523,2026-02-11 12:12:09,supabase-meta,RUNNING,100722.91,1649.214
1524,2026-02-11 12:12:09,supabase-studio,RUNNING,100358.67,1649.214
1525,2026-02-11 12:12:09,db_proxy,RUNNING,101032.76,1649.214
1526,2026-02-11 12:11:08,cadvisor,RUNNING,99445.86,1649.214
1527,2026-02-11 12:11:08,waha,RUNNING,101488.05,1649.214
1528,2026-02-11 12:11:08,app_proxy,RUNNING,100993.38,1649.214
1529,2026-02-11 12:11:08,chatwoot_redisV2,RUNNING,98511.66,1649.214
1530,2026-02-11 12:11:08,supabase-rest,RUNNING,99880.37,1649.214
1531,2026-02-11 12:11:08,evolution,RUNNING,100004.04,1649.214
1532,2026-02-11 12:11:08,supabase-imgproxy,RUNNING,99728.29,1649.214
1533,2026-02-11 12:11:08,chatwoot_postgresV2,RUNNING,100084.25,1649.214
1534,2026-02-11 12:11:08,gemini,RUNNING,100944.92,1649.214
1535,2026-02-11 12:11:08,realtime-dev.supabase-realtime,RUNNING,99945.54,1649.214
1536,2026-02-11 12:11:08,n8n,RUNNING,99113.29,1649.214
1537,2026-02-11 12:11:08,supabase-auth,RUNNING,100458.6,1649.214
1538,2026-02-11 12:11:08,supabase-edge-functions,RUNNING,100854.67,1649.214
1539,2026-02-11 12:11:08,n8n_redis,RUNNING,102494.11,1649.214
1540,2026-02-11 12:11:08,supabase-vector,RUNNING,99494.32,1649.214
1541,2026-02-11 12:11:08,chatwoot_sidekiq,RUNNING,101840.67,1649.214
1542,2026-02-11 12:11:08,supabase-db,RUNNING,102422.25,1649.214
1543,2026-02-11 12:11:08,supabase-kong,RUNNING,102091.35,1649.214
1544,2026-02-11 12:11:08,redis,RUNNING,100537.15,1649.214
1545,2026-02-11 12:11:08,postgres,RUNNING,99704.89,1649.214
1546,2026-02-11 12:11:08,adminer,RUNNING,100898.12,1649.214
1547,2026-02-11 12:11:08,chatwoot_sidekiqV2,RUNNING,100802.86,1649.214
1548,2026-02-11 12:11:08,supabase-storage,RUNNING,98815.82,1649.214
1549,2026-02-11 12:11:08,chatwoot_postgres,RUNNING,99701.55,1649.214
1550,2026-02-11 12:11:08,n8n_postgres,RUNNING,99078.2,1649.214
1551,2026-02-11 12:11:08,supabase-analytics,RUNNING,100351.64,1649.214
1552,2026-02-11 12:11:08,n8n_pgvector,RUNNING,100172.83,1649.214
1553,2026-02-11 12:11:08,chatwoot_redis,RUNNING,98981.27,1649.214
1554,2026-02-11 12:11:08,supabase-meta,RUNNING,98864.28,1649.214
1555,2026-02-11 12:11:08,supabase-studio,RUNNING,99098.25,1649.214
1556,2026-02-11 12:11:08,db_proxy,RUNNING,99236.96,1649.214
